id,date,incident_type,severity,status,description,reported_by,created_at
1,2024-06-18,Insider Threat,Medium,Open,Automatically generated cyber security incident record,IT Admin,2024-06-18 12:00:00
2,2024-08-19,DDoS Attack,Medium,Resolved,Automatically generated cyber security incident record,System Monitor,2024-08-19 09:00:00
3,2024-02-11,DDoS Attack,Low,Contained,Automatically generated cyber security incident record,Security Analyst,2024-02-11 11:00:00
4,2024-03-09,Malware Infection,Low,Closed,Automatically generated cyber security incident record,SOC Team,2024-03-09 10:00:00
5,2024-03-13,Password Compromise,Critical,Resolved,Automatically generated cyber security incident record,SOC Team,2024-03-13 02:00:00
6,2024-08-01,Phishing Attack,Low,Closed,Automatically generated cyber security incident record,SOC Team,2024-08-01 04:00:00
7,2024-01-07,Unauthorized Access,Critical,Open,Automatically generated cyber security incident record,Employee,2024-01-07 04:00:00
8,2024-07-30,Unauthorized Access,Low,Investigating,Automatically generated cyber security incident record,IT Admin,2024-07-30 06:00:00
9,2024-03-13,Data Breach,Low,Contained,Automatically generated cyber security incident record,IT Admin,2024-03-13 05:00:00
10,2024-06-13,Data Breach,Medium,Investigating,Automatically generated cyber security incident record,Security Analyst,2024-06-13 12:00:00
11,2024-06-09,Ransomware,Critical,Contained,Automatically generated cyber security incident record,SOC Team,2024-06-09 12:00:00
12,2024-07-03,Data Breach,Medium,Contained,Automatically generated cyber security incident record,Employee,2024-07-03 03:00:00
13,2024-06-26,Password Compromise,Medium,Contained,Automatically generated cyber security incident record,SOC Team,2024-06-26 08:00:00
14,2024-09-25,DDoS Attack,Critical,Investigating,Automatically generated cyber security incident record,Security Analyst,2024-09-25 08:00:00
15,2024-02-17,Insider Threat,Low,Resolved,Automatically generated cyber security incident record,Security Analyst,2024-02-17 07:00:00
16,2024-09-30,Unauthorized Access,High,Open,Automatically generated cyber security incident record,IT Admin,2024-09-30 11:00:00
17,2024-01-15,Phishing Attack,Medium,Resolved,Automatically generated cyber security incident record,Employee,2024-01-15 12:00:00
18,2024-08-24,Password Compromise,High,Open,Automatically generated cyber security incident record,System Monitor,2024-08-24 03:00:00
19,2024-08-16,Unauthorized Access,Medium,Open,Automatically generated cyber security incident record,IT Admin,2024-08-16 03:00:00
20,2024-08-24,Insider Threat,Critical,Resolved,Automatically generated cyber security incident record,IT Admin,2024-08-24 02:00:00
21,2024-01-12,Password Compromise,Critical,Resolved,Automatically generated cyber security incident record,SOC Team,2024-01-12 02:00:00
22,2024-03-30,Insider Threat,Medium,Investigating,Automatically generated cyber security incident record,Security Analyst,2024-03-30 07:00:00
23,2024-09-21,Unauthorized Access,High,Open,Automatically generated cyber security incident record,Security Analyst,2024-09-21 07:00:00
24,2024-01-08,Phishing Attack,Low,Investigating,Automatically generated cyber security incident record,Employee,2024-01-08 10:00:00
25,2024-02-22,Malware Infection,Critical,Contained,Automatically generated cyber security incident record,SOC Team,2024-02-22 08:00:00
26,2024-03-12,Insider Threat,Low,Resolved,Automatically generated cyber security incident record,IT Admin,2024-03-12 11:00:00
27,2024-05-26,Unauthorized Access,High,Investigating,Automatically generated cyber security incident record,IT Admin,2024-05-26 04:00:00
28,2024-09-06,Data Breach,High,Open,Automatically generated cyber security incident record,Employee,2024-09-06 04:00:00
29,2024-10-18,Unauthorized Access,Low,Contained,Automatically generated cyber security incident record,SOC Team,2024-10-18 08:00:00
30,2024-07-05,Ransomware,Medium,Investigating,Automatically generated cyber security incident record,Security Analyst,2024-07-05 07:00:00
31,2024-04-19,Phishing Attack,High,Open,Automatically generated cyber security incident record,IT Admin,2024-04-19 02:00:00
32,2024-10-15,Malware Infection,Low,Contained,Automatically generated cyber security incident record,System Monitor,2024-10-15 05:00:00
33,2024-03-21,Phishing Attack,Low,Investigating,Automatically generated cyber security incident record,Security Analyst,2024-03-21 07:00:00
34,2024-08-17,Phishing Attack,Low,Contained,Automatically generated cyber security incident record,Employee,2024-08-17 12:00:00
35,2024-08-29,Unauthorized Access,High,Contained,Automatically generated cyber security incident record,IT Admin,2024-08-29 04:00:00
36,2024-08-19,Malware Infection,High,Investigating,Automatically generated cyber security incident record,System Monitor,2024-08-19 01:00:00
37,2024-02-24,Malware Infection,Low,Investigating,Automatically generated cyber security incident record,Employee,2024-02-24 09:00:00
38,2024-01-08,Ransomware,Low,Investigating,Automatically generated cyber security incident record,Security Analyst,2024-01-08 10:00:00
39,2024-03-03,Data Breach,High,Investigating,Automatically generated cyber security incident record,Security Analyst,2024-03-03 12:00:00
40,2024-06-19,Data Breach,Critical,Contained,Automatically generated cyber security incident record,IT Admin,2024-06-19 02:00:00
41,2024-04-30,Malware Infection,Low,Resolved,Automatically generated cyber security incident record,Security Analyst,2024-04-30 11:00:00
42,2024-03-11,DDoS Attack,High,Resolved,Automatically generated cyber security incident record,IT Admin,2024-03-11 10:00:00
43,2024-05-03,Phishing Attack,High,Contained,Automatically generated cyber security incident record,System Monitor,2024-05-03 04:00:00
44,2024-02-07,Ransomware,Critical,Investigating,Automatically generated cyber security incident record,Employee,2024-02-07 10:00:00
45,2024-04-25,Password Compromise,High,Contained,Automatically generated cyber security incident record,Security Analyst,2024-04-25 10:00:00
46,2024-06-24,Unauthorized Access,Low,Closed,Automatically generated cyber security incident record,Employee,2024-06-24 11:00:00
47,2024-10-25,Malware Infection,High,Open,Automatically generated cyber security incident record,Security Analyst,2024-10-25 08:00:00
48,2024-10-10,Ransomware,High,Investigating,Automatically generated cyber security incident record,Employee,2024-10-10 08:00:00
49,2024-05-11,Ransomware,High,Contained,Automatically generated cyber security incident record,System Monitor,2024-05-11 06:00:00
50,2024-07-27,DDoS Attack,Critical,Resolved,Automatically generated cyber security incident record,System Monitor,2024-07-27 07:00:00
51,2024-07-21,Malware Infection,High,Investigating,Automatically generated cyber security incident record,IT Admin,2024-07-21 06:00:00
52,2024-07-19,Data Breach,High,Closed,Automatically generated cyber security incident record,System Monitor,2024-07-19 03:00:00
53,2024-01-17,Phishing Attack,Medium,Closed,Automatically generated cyber security incident record,Security Analyst,2024-01-17 08:00:00
54,2024-10-26,Phishing Attack,Critical,Investigating,Automatically generated cyber security incident record,Security Analyst,2024-10-26 06:00:00
55,2024-08-18,Data Breach,Medium,Open,Automatically generated cyber security incident record,Employee,2024-08-18 11:00:00
56,2024-05-08,DDoS Attack,Critical,Investigating,Automatically generated cyber security incident record,Security Analyst,2024-05-08 11:00:00
57,2024-01-25,Password Compromise,Low,Investigating,Automatically generated cyber security incident record,IT Admin,2024-01-25 07:00:00
58,2024-10-27,Data Breach,High,Investigating,Automatically generated cyber security incident record,IT Admin,2024-10-27 10:00:00
59,2024-02-19,Malware Infection,High,Closed,Automatically generated cyber security incident record,System Monitor,2024-02-19 06:00:00
60,2024-10-16,Data Breach,High,Resolved,Automatically generated cyber security incident record,Employee,2024-10-16 07:00:00
61,2024-07-10,Data Breach,Low,Resolved,Automatically generated cyber security incident record,Employee,2024-07-10 09:00:00
62,2024-07-26,Phishing Attack,Low,Investigating,Automatically generated cyber security incident record,System Monitor,2024-07-26 12:00:00
63,2024-08-19,Unauthorized Access,Critical,Open,Automatically generated cyber security incident record,IT Admin,2024-08-19 07:00:00
64,2024-09-06,Password Compromise,High,Contained,Automatically generated cyber security incident record,IT Admin,2024-09-06 01:00:00
65,2024-04-04,Password Compromise,High,Open,Automatically generated cyber security incident record,Employee,2024-04-04 12:00:00
66,2024-03-23,Insider Threat,High,Resolved,Automatically generated cyber security incident record,System Monitor,2024-03-23 10:00:00
67,2024-09-29,Password Compromise,High,Open,Automatically generated cyber security incident record,System Monitor,2024-09-29 02:00:00
68,2024-10-06,Password Compromise,Medium,Investigating,Automatically generated cyber security incident record,System Monitor,2024-10-06 12:00:00
69,2024-10-24,Password Compromise,Low,Resolved,Automatically generated cyber security incident record,System Monitor,2024-10-24 10:00:00
70,2024-09-17,Password Compromise,High,Contained,Automatically generated cyber security incident record,IT Admin,2024-09-17 09:00:00
71,2024-09-13,Ransomware,Medium,Contained,Automatically generated cyber security incident record,Employee,2024-09-13 02:00:00
72,2024-03-30,Password Compromise,Medium,Contained,Automatically generated cyber security incident record,Employee,2024-03-30 01:00:00
73,2024-02-15,Ransomware,High,Closed,Automatically generated cyber security incident record,Security Analyst,2024-02-15 10:00:00
74,2024-04-16,Malware Infection,Low,Closed,Automatically generated cyber security incident record,System Monitor,2024-04-16 03:00:00
75,2024-02-20,Unauthorized Access,Critical,Open,Automatically generated cyber security incident record,Security Analyst,2024-02-20 10:00:00
76,2024-04-08,Password Compromise,Critical,Contained,Automatically generated cyber security incident record,Employee,2024-04-08 04:00:00
77,2024-02-01,Phishing Attack,Medium,Contained,Automatically generated cyber security incident record,IT Admin,2024-02-01 09:00:00
78,2024-01-29,Unauthorized Access,Critical,Contained,Automatically generated cyber security incident record,IT Admin,2024-01-29 06:00:00
79,2024-04-06,Unauthorized Access,Low,Resolved,Automatically generated cyber security incident record,Employee,2024-04-06 05:00:00
80,2024-03-20,DDoS Attack,High,Resolved,Automatically generated cyber security incident record,SOC Team,2024-03-20 03:00:00
81,2024-02-25,Insider Threat,Low,Closed,Automatically generated cyber security incident record,Security Analyst,2024-02-25 03:00:00
82,2024-10-19,Ransomware,Medium,Investigating,Automatically generated cyber security incident record,System Monitor,2024-10-19 10:00:00
83,2024-10-18,Password Compromise,Low,Contained,Automatically generated cyber security incident record,Employee,2024-10-18 10:00:00
84,2024-07-20,DDoS Attack,Low,Open,Automatically generated cyber security incident record,System Monitor,2024-07-20 01:00:00
85,2024-07-24,DDoS Attack,Medium,Closed,Automatically generated cyber security incident record,Employee,2024-07-24 09:00:00
86,2024-01-10,DDoS Attack,High,Resolved,Automatically generated cyber security incident record,IT Admin,2024-01-10 02:00:00
87,2024-01-04,Ransomware,Medium,Closed,Automatically generated cyber security incident record,Employee,2024-01-04 01:00:00
88,2024-06-03,DDoS Attack,Medium,Open,Automatically generated cyber security incident record,Employee,2024-06-03 11:00:00
89,2024-08-24,Phishing Attack,Critical,Open,Automatically generated cyber security incident record,System Monitor,2024-08-24 08:00:00
90,2024-06-23,Password Compromise,Medium,Contained,Automatically generated cyber security incident record,SOC Team,2024-06-23 06:00:00
91,2024-09-19,Data Breach,Low,Resolved,Automatically generated cyber security incident record,Security Analyst,2024-09-19 08:00:00
92,2024-03-06,Malware Infection,Medium,Investigating,Automatically generated cyber security incident record,System Monitor,2024-03-06 04:00:00
93,2024-07-07,Password Compromise,Critical,Investigating,Automatically generated cyber security incident record,Employee,2024-07-07 07:00:00
94,2024-08-12,DDoS Attack,Critical,Investigating,Automatically generated cyber security incident record,System Monitor,2024-08-12 04:00:00
95,2024-05-04,Malware Infection,High,Investigating,Automatically generated cyber security incident record,System Monitor,2024-05-04 05:00:00
96,2024-01-16,Malware Infection,High,Investigating,Automatically generated cyber security incident record,Security Analyst,2024-01-16 08:00:00
97,2024-03-09,DDoS Attack,Low,Contained,Automatically generated cyber security incident record,System Monitor,2024-03-09 03:00:00
98,2024-02-25,Data Breach,Low,Investigating,Automatically generated cyber security incident record,IT Admin,2024-02-25 11:00:00
99,2024-01-23,Malware Infection,High,Resolved,Automatically generated cyber security incident record,IT Admin,2024-01-23 11:00:00
100,2024-07-28,DDoS Attack,Medium,Resolved,Automatically generated cyber security incident record,SOC Team,2024-07-28 11:00:00
101,2024-03-13,Password Compromise,Critical,Closed,Automatically generated cyber security incident record,System Monitor,2024-03-13 06:00:00
102,2024-06-19,Data Breach,Medium,Investigating,Automatically generated cyber security incident record,SOC Team,2024-06-19 11:00:00
103,2024-09-29,Unauthorized Access,Low,Contained,Automatically generated cyber security incident record,Security Analyst,2024-09-29 10:00:00
104,2024-02-17,Malware Infection,Low,Open,Automatically generated cyber security incident record,IT Admin,2024-02-17 03:00:00
105,2024-05-08,Insider Threat,Low,Open,Automatically generated cyber security incident record,Employee,2024-05-08 11:00:00
106,2024-10-08,Password Compromise,High,Investigating,Automatically generated cyber security incident record,IT Admin,2024-10-08 07:00:00
107,2024-07-18,Ransomware,Low,Contained,Automatically generated cyber security incident record,Security Analyst,2024-07-18 12:00:00
108,2024-08-11,DDoS Attack,High,Resolved,Automatically generated cyber security incident record,IT Admin,2024-08-11 11:00:00
109,2024-09-10,Unauthorized Access,Low,Closed,Automatically generated cyber security incident record,SOC Team,2024-09-10 03:00:00
110,2024-04-04,Unauthorized Access,Critical,Resolved,Automatically generated cyber security incident record,Employee,2024-04-04 02:00:00
111,2024-06-08,Ransomware,Critical,Open,Automatically generated cyber security incident record,SOC Team,2024-06-08 11:00:00
112,2024-02-19,Ransomware,High,Open,Automatically generated cyber security incident record,SOC Team,2024-02-19 03:00:00
113,2024-02-20,Ransomware,Medium,Contained,Automatically generated cyber security incident record,Employee,2024-02-20 12:00:00
114,2024-07-15,Malware Infection,Low,Closed,Automatically generated cyber security incident record,System Monitor,2024-07-15 12:00:00
115,2024-10-20,Data Breach,Medium,Open,Automatically generated cyber security incident record,System Monitor,2024-10-20 07:00:00
116,2024-02-16,Unauthorized Access,Medium,Resolved,Automatically generated cyber security incident record,Security Analyst,2024-02-16 03:00:00
117,2024-06-10,Password Compromise,Medium,Closed,Automatically generated cyber security incident record,SOC Team,2024-06-10 06:00:00
118,2024-05-31,DDoS Attack,High,Closed,Automatically generated cyber security incident record,IT Admin,2024-05-31 07:00:00
119,2024-05-28,Ransomware,Critical,Resolved,Automatically generated cyber security incident record,IT Admin,2024-05-28 10:00:00
120,2024-08-12,Password Compromise,Low,Resolved,Automatically generated cyber security incident record,SOC Team,2024-08-12 06:00:00
121,2024-03-14,Data Breach,High,Open,Automatically generated cyber security incident record,Employee,2024-03-14 09:00:00
122,2024-07-19,DDoS Attack,Medium,Investigating,Automatically generated cyber security incident record,System Monitor,2024-07-19 02:00:00
123,2024-02-21,Phishing Attack,Medium,Investigating,Automatically generated cyber security incident record,Employee,2024-02-21 02:00:00
124,2024-06-19,Data Breach,High,Investigating,Automatically generated cyber security incident record,SOC Team,2024-06-19 11:00:00
125,2024-04-01,Insider Threat,Medium,Closed,Automatically generated cyber security incident record,System Monitor,2024-04-01 10:00:00
126,2024-01-26,Insider Threat,Low,Investigating,Automatically generated cyber security incident record,Security Analyst,2024-01-26 01:00:00
127,2024-09-12,Phishing Attack,Medium,Closed,Automatically generated cyber security incident record,SOC Team,2024-09-12 08:00:00
128,2024-10-24,Unauthorized Access,Low,Open,Automatically generated cyber security incident record,Security Analyst,2024-10-24 09:00:00
129,2024-10-01,Ransomware,Critical,Closed,Automatically generated cyber security incident record,System Monitor,2024-10-01 10:00:00
130,2024-07-22,Phishing Attack,High,Contained,Automatically generated cyber security incident record,System Monitor,2024-07-22 06:00:00
131,2024-07-05,DDoS Attack,Critical,Contained,Automatically generated cyber security incident record,Security Analyst,2024-07-05 03:00:00
132,2024-10-24,Malware Infection,Critical,Open,Automatically generated cyber security incident record,SOC Team,2024-10-24 06:00:00
133,2024-08-07,Data Breach,Critical,Investigating,Automatically generated cyber security incident record,IT Admin,2024-08-07 11:00:00
134,2024-01-09,Ransomware,Critical,Closed,Automatically generated cyber security incident record,System Monitor,2024-01-09 11:00:00
135,2024-10-03,Malware Infection,Medium,Contained,Automatically generated cyber security incident record,IT Admin,2024-10-03 01:00:00
136,2024-08-14,Data Breach,Medium,Investigating,Automatically generated cyber security incident record,SOC Team,2024-08-14 11:00:00
137,2024-05-01,DDoS Attack,High,Open,Automatically generated cyber security incident record,Employee,2024-05-01 12:00:00
138,2024-04-30,DDoS Attack,Critical,Contained,Automatically generated cyber security incident record,SOC Team,2024-04-30 02:00:00
139,2024-06-23,Phishing Attack,Medium,Investigating,Automatically generated cyber security incident record,Employee,2024-06-23 11:00:00
140,2024-04-13,Phishing Attack,Medium,Resolved,Automatically generated cyber security incident record,Security Analyst,2024-04-13 04:00:00
141,2024-03-06,DDoS Attack,Low,Resolved,Automatically generated cyber security incident record,Security Analyst,2024-03-06 03:00:00
142,2024-01-17,Ransomware,Medium,Investigating,Automatically generated cyber security incident record,Employee,2024-01-17 04:00:00
143,2024-08-02,Phishing Attack,Low,Closed,Automatically generated cyber security incident record,SOC Team,2024-08-02 12:00:00
144,2024-07-06,Data Breach,Critical,Open,Automatically generated cyber security incident record,System Monitor,2024-07-06 05:00:00
145,2024-10-18,DDoS Attack,Critical,Investigating,Automatically generated cyber security incident record,Security Analyst,2024-10-18 12:00:00
146,2024-01-20,DDoS Attack,Low,Resolved,Automatically generated cyber security incident record,Security Analyst,2024-01-20 10:00:00
147,2024-10-20,Malware Infection,Low,Investigating,Automatically generated cyber security incident record,System Monitor,2024-10-20 09:00:00
148,2024-06-22,Unauthorized Access,Critical,Closed,Automatically generated cyber security incident record,SOC Team,2024-06-22 07:00:00
149,2024-06-27,Malware Infection,Medium,Investigating,Automatically generated cyber security incident record,SOC Team,2024-06-27 07:00:00
150,2024-02-02,Phishing Attack,Low,Closed,Automatically generated cyber security incident record,SOC Team,2024-02-02 01:00:00
151,2024-10-05,Malware Infection,Critical,Contained,Automatically generated cyber security incident record,SOC Team,2024-10-05 03:00:00
152,2024-08-22,Malware Infection,High,Contained,Automatically generated cyber security incident record,Employee,2024-08-22 04:00:00
153,2024-02-04,Malware Infection,Critical,Investigating,Automatically generated cyber security incident record,Security Analyst,2024-02-04 01:00:00
154,2024-08-07,Data Breach,Critical,Closed,Automatically generated cyber security incident record,SOC Team,2024-08-07 11:00:00
155,2024-09-16,Insider Threat,Critical,Open,Automatically generated cyber security incident record,System Monitor,2024-09-16 01:00:00
156,2024-09-28,DDoS Attack,Critical,Closed,Automatically generated cyber security incident record,SOC Team,2024-09-28 11:00:00
157,2024-04-09,Password Compromise,Medium,Open,Automatically generated cyber security incident record,Security Analyst,2024-04-09 04:00:00
158,2024-03-01,Password Compromise,Medium,Open,Automatically generated cyber security incident record,System Monitor,2024-03-01 02:00:00
159,2024-05-21,Phishing Attack,Critical,Closed,Automatically generated cyber security incident record,IT Admin,2024-05-21 02:00:00
160,2024-04-14,Malware Infection,Medium,Open,Automatically generated cyber security incident record,Security Analyst,2024-04-14 07:00:00
161,2024-04-11,Data Breach,Low,Resolved,Automatically generated cyber security incident record,System Monitor,2024-04-11 08:00:00
162,2024-02-29,Phishing Attack,High,Investigating,Automatically generated cyber security incident record,IT Admin,2024-02-29 06:00:00
163,2024-04-17,DDoS Attack,High,Closed,Automatically generated cyber security incident record,System Monitor,2024-04-17 03:00:00
164,2024-04-26,Malware Infection,Low,Open,Automatically generated cyber security incident record,Security Analyst,2024-04-26 07:00:00
165,2024-05-09,DDoS Attack,High,Investigating,Automatically generated cyber security incident record,IT Admin,2024-05-09 12:00:00
166,2024-09-04,Ransomware,Medium,Open,Automatically generated cyber security incident record,SOC Team,2024-09-04 01:00:00
167,2024-04-15,Malware Infection,Medium,Investigating,Automatically generated cyber security incident record,SOC Team,2024-04-15 11:00:00
168,2024-06-14,DDoS Attack,Medium,Contained,Automatically generated cyber security incident record,SOC Team,2024-06-14 02:00:00
169,2024-10-11,Ransomware,High,Open,Automatically generated cyber security incident record,System Monitor,2024-10-11 12:00:00
170,2024-05-05,Ransomware,High,Investigating,Automatically generated cyber security incident record,SOC Team,2024-05-05 03:00:00
171,2024-04-27,Data Breach,Medium,Investigating,Automatically generated cyber security incident record,Employee,2024-04-27 04:00:00
172,2024-01-17,Malware Infection,Critical,Investigating,Automatically generated cyber security incident record,Employee,2024-01-17 10:00:00
173,2024-03-19,DDoS Attack,Medium,Open,Automatically generated cyber security incident record,SOC Team,2024-03-19 07:00:00
174,2024-02-01,Phishing Attack,High,Open,Automatically generated cyber security incident record,SOC Team,2024-02-01 08:00:00
175,2024-07-17,Ransomware,Critical,Open,Automatically generated cyber security incident record,System Monitor,2024-07-17 08:00:00
176,2024-01-01,Phishing Attack,High,Closed,Automatically generated cyber security incident record,Employee,2024-01-01 12:00:00
177,2024-05-24,Data Breach,Low,Open,Automatically generated cyber security incident record,SOC Team,2024-05-24 03:00:00
178,2024-08-30,Phishing Attack,Low,Open,Automatically generated cyber security incident record,SOC Team,2024-08-30 01:00:00
179,2024-02-19,Phishing Attack,Low,Open,Automatically generated cyber security incident record,Security Analyst,2024-02-19 03:00:00
180,2024-01-06,Password Compromise,High,Investigating,Automatically generated cyber security incident record,Employee,2024-01-06 12:00:00
181,2024-09-21,Malware Infection,High,Contained,Automatically generated cyber security incident record,Security Analyst,2024-09-21 04:00:00
182,2024-05-19,Ransomware,Low,Resolved,Automatically generated cyber security incident record,Employee,2024-05-19 11:00:00
183,2024-08-19,Ransomware,High,Contained,Automatically generated cyber security incident record,Security Analyst,2024-08-19 04:00:00
184,2024-05-26,Malware Infection,Medium,Closed,Automatically generated cyber security incident record,IT Admin,2024-05-26 09:00:00
185,2024-05-18,Insider Threat,High,Open,Automatically generated cyber security incident record,System Monitor,2024-05-18 06:00:00
186,2024-06-02,Unauthorized Access,Medium,Resolved,Automatically generated cyber security incident record,SOC Team,2024-06-02 07:00:00
187,2024-02-25,Phishing Attack,Low,Investigating,Automatically generated cyber security incident record,System Monitor,2024-02-25 08:00:00
188,2024-04-30,Password Compromise,High,Open,Automatically generated cyber security incident record,System Monitor,2024-04-30 09:00:00
189,2024-03-24,Ransomware,Medium,Investigating,Automatically generated cyber security incident record,Security Analyst,2024-03-24 04:00:00
190,2024-08-14,Phishing Attack,Critical,Resolved,Automatically generated cyber security incident record,Security Analyst,2024-08-14 06:00:00
191,2024-06-30,Insider Threat,Critical,Investigating,Automatically generated cyber security incident record,Security Analyst,2024-06-30 10:00:00
192,2024-01-19,Insider Threat,Medium,Contained,Automatically generated cyber security incident record,System Monitor,2024-01-19 03:00:00
193,2024-10-01,Data Breach,Low,Contained,Automatically generated cyber security incident record,Security Analyst,2024-10-01 06:00:00
194,2024-05-05,Phishing Attack,Critical,Open,Automatically generated cyber security incident record,SOC Team,2024-05-05 05:00:00
195,2024-10-16,Password Compromise,Low,Contained,Automatically generated cyber security incident record,System Monitor,2024-10-16 12:00:00
196,2024-08-14,DDoS Attack,Medium,Contained,Automatically generated cyber security incident record,Employee,2024-08-14 10:00:00
197,2024-05-14,Insider Threat,Medium,Closed,Automatically generated cyber security incident record,Employee,2024-05-14 11:00:00
198,2024-10-11,Ransomware,Medium,Open,Automatically generated cyber security incident record,IT Admin,2024-10-11 04:00:00
199,2024-03-29,Insider Threat,Low,Contained,Automatically generated cyber security incident record,Security Analyst,2024-03-29 03:00:00
200,2024-04-08,Malware Infection,High,Closed,Automatically generated cyber security incident record,SOC Team,2024-04-08 06:00:00
201,2024-05-03,Ransomware,High,Investigating,Automatically generated cyber security incident record,Security Analyst,2024-05-03 11:00:00
202,2024-04-26,Password Compromise,High,Open,Automatically generated cyber security incident record,Security Analyst,2024-04-26 02:00:00
203,2024-09-13,Malware Infection,Medium,Investigating,Automatically generated cyber security incident record,Employee,2024-09-13 03:00:00
204,2024-05-04,Ransomware,Critical,Contained,Automatically generated cyber security incident record,SOC Team,2024-05-04 06:00:00
205,2024-06-17,Password Compromise,High,Closed,Automatically generated cyber security incident record,SOC Team,2024-06-17 08:00:00
206,2024-09-19,Insider Threat,Medium,Closed,Automatically generated cyber security incident record,Security Analyst,2024-09-19 12:00:00
207,2024-05-09,Unauthorized Access,Low,Open,Automatically generated cyber security incident record,IT Admin,2024-05-09 07:00:00
208,2024-09-16,Password Compromise,High,Investigating,Automatically generated cyber security incident record,SOC Team,2024-09-16 03:00:00
209,2024-08-16,Unauthorized Access,High,Investigating,Automatically generated cyber security incident record,SOC Team,2024-08-16 02:00:00
210,2024-10-04,Insider Threat,High,Contained,Automatically generated cyber security incident record,IT Admin,2024-10-04 07:00:00
211,2024-02-03,Unauthorized Access,Medium,Closed,Automatically generated cyber security incident record,System Monitor,2024-02-03 11:00:00
212,2024-07-07,Phishing Attack,High,Resolved,Automatically generated cyber security incident record,IT Admin,2024-07-07 03:00:00
213,2024-07-05,DDoS Attack,Low,Contained,Automatically generated cyber security incident record,IT Admin,2024-07-05 03:00:00
214,2024-07-12,Unauthorized Access,Low,Investigating,Automatically generated cyber security incident record,SOC Team,2024-07-12 11:00:00
215,2024-02-06,DDoS Attack,Critical,Closed,Automatically generated cyber security incident record,Employee,2024-02-06 03:00:00
216,2024-06-05,Insider Threat,High,Investigating,Automatically generated cyber security incident record,System Monitor,2024-06-05 07:00:00
217,2024-01-18,DDoS Attack,Critical,Investigating,Automatically generated cyber security incident record,System Monitor,2024-01-18 11:00:00
218,2024-08-09,Malware Infection,Low,Closed,Automatically generated cyber security incident record,SOC Team,2024-08-09 03:00:00
219,2024-09-15,Phishing Attack,High,Open,Automatically generated cyber security incident record,System Monitor,2024-09-15 02:00:00
220,2024-08-17,Insider Threat,Low,Closed,Automatically generated cyber security incident record,Security Analyst,2024-08-17 07:00:00
221,2024-02-19,Data Breach,High,Closed,Automatically generated cyber security incident record,System Monitor,2024-02-19 12:00:00
222,2024-10-22,DDoS Attack,High,Investigating,Automatically generated cyber security incident record,Security Analyst,2024-10-22 01:00:00
223,2024-08-09,Insider Threat,Medium,Investigating,Automatically generated cyber security incident record,Employee,2024-08-09 08:00:00
224,2024-09-20,Data Breach,High,Contained,Automatically generated cyber security incident record,Security Analyst,2024-09-20 04:00:00
225,2024-02-17,Unauthorized Access,Low,Open,Automatically generated cyber security incident record,IT Admin,2024-02-17 05:00:00
226,2024-07-06,Unauthorized Access,Medium,Investigating,Automatically generated cyber security incident record,Employee,2024-07-06 11:00:00
227,2024-03-03,Unauthorized Access,High,Resolved,Automatically generated cyber security incident record,Security Analyst,2024-03-03 08:00:00
228,2024-05-01,Insider Threat,Critical,Investigating,Automatically generated cyber security incident record,Employee,2024-05-01 06:00:00
229,2024-05-23,Unauthorized Access,Low,Resolved,Automatically generated cyber security incident record,Employee,2024-05-23 10:00:00
230,2024-08-05,Unauthorized Access,Low,Contained,Automatically generated cyber security incident record,Security Analyst,2024-08-05 12:00:00
231,2024-01-10,DDoS Attack,Medium,Contained,Automatically generated cyber security incident record,SOC Team,2024-01-10 06:00:00
232,2024-02-09,DDoS Attack,Critical,Investigating,Automatically generated cyber security incident record,System Monitor,2024-02-09 02:00:00
233,2024-10-01,Data Breach,Critical,Closed,Automatically generated cyber security incident record,SOC Team,2024-10-01 03:00:00
234,2024-01-25,DDoS Attack,Low,Resolved,Automatically generated cyber security incident record,IT Admin,2024-01-25 01:00:00
235,2024-08-02,Ransomware,Medium,Open,Automatically generated cyber security incident record,SOC Team,2024-08-02 11:00:00
236,2024-01-23,Password Compromise,High,Resolved,Automatically generated cyber security incident record,System Monitor,2024-01-23 12:00:00
237,2024-02-12,Ransomware,High,Open,Automatically generated cyber security incident record,Employee,2024-02-12 06:00:00
238,2024-01-10,Phishing Attack,High,Contained,Automatically generated cyber security incident record,SOC Team,2024-01-10 05:00:00
239,2024-07-02,Data Breach,Low,Resolved,Automatically generated cyber security incident record,IT Admin,2024-07-02 07:00:00
240,2024-10-13,Ransomware,High,Resolved,Automatically generated cyber security incident record,System Monitor,2024-10-13 03:00:00
241,2024-07-05,DDoS Attack,Low,Open,Automatically generated cyber security incident record,IT Admin,2024-07-05 05:00:00
242,2024-09-30,Insider Threat,Low,Investigating,Automatically generated cyber security incident record,IT Admin,2024-09-30 06:00:00
243,2024-08-25,Ransomware,Medium,Open,Automatically generated cyber security incident record,IT Admin,2024-08-25 12:00:00
244,2024-02-11,Ransomware,High,Closed,Automatically generated cyber security incident record,SOC Team,2024-02-11 12:00:00
245,2024-09-11,Malware Infection,Critical,Closed,Automatically generated cyber security incident record,Security Analyst,2024-09-11 09:00:00
246,2024-01-09,Unauthorized Access,Medium,Investigating,Automatically generated cyber security incident record,System Monitor,2024-01-09 01:00:00
247,2024-01-27,Ransomware,Low,Investigating,Automatically generated cyber security incident record,Employee,2024-01-27 12:00:00
248,2024-08-31,Ransomware,High,Closed,Automatically generated cyber security incident record,Security Analyst,2024-08-31 10:00:00
249,2024-04-09,Ransomware,Low,Contained,Automatically generated cyber security incident record,SOC Team,2024-04-09 07:00:00
250,2024-04-07,Insider Threat,Critical,Resolved,Automatically generated cyber security incident record,IT Admin,2024-04-07 11:00:00
251,2024-04-07,Insider Threat,Critical,Resolved,Automatically generated cyber security incident record,SOC Team,2024-04-07 08:00:00
252,2024-05-19,Data Breach,Critical,Closed,Automatically generated cyber security incident record,SOC Team,2024-05-19 04:00:00
253,2024-02-18,Insider Threat,Critical,Contained,Automatically generated cyber security incident record,SOC Team,2024-02-18 03:00:00
254,2024-05-25,Data Breach,Low,Resolved,Automatically generated cyber security incident record,SOC Team,2024-05-25 05:00:00
255,2024-08-23,Phishing Attack,Medium,Investigating,Automatically generated cyber security incident record,IT Admin,2024-08-23 09:00:00
256,2024-06-17,DDoS Attack,High,Contained,Automatically generated cyber security incident record,Security Analyst,2024-06-17 06:00:00
257,2024-03-14,Unauthorized Access,Critical,Contained,Automatically generated cyber security incident record,SOC Team,2024-03-14 03:00:00
258,2024-01-22,Phishing Attack,Critical,Closed,Automatically generated cyber security incident record,IT Admin,2024-01-22 01:00:00
259,2024-06-24,DDoS Attack,Medium,Closed,Automatically generated cyber security incident record,Employee,2024-06-24 07:00:00
260,2024-09-01,DDoS Attack,High,Investigating,Automatically generated cyber security incident record,System Monitor,2024-09-01 08:00:00
261,2024-09-24,Unauthorized Access,Medium,Investigating,Automatically generated cyber security incident record,SOC Team,2024-09-24 02:00:00
262,2024-04-01,Malware Infection,Medium,Investigating,Automatically generated cyber security incident record,Security Analyst,2024-04-01 07:00:00
263,2024-02-04,Ransomware,Medium,Resolved,Automatically generated cyber security incident record,SOC Team,2024-02-04 07:00:00
264,2024-06-02,Ransomware,Low,Contained,Automatically generated cyber security incident record,Employee,2024-06-02 05:00:00
265,2024-06-03,Password Compromise,High,Open,Automatically generated cyber security incident record,SOC Team,2024-06-03 10:00:00
266,2024-10-11,Insider Threat,Low,Contained,Automatically generated cyber security incident record,Security Analyst,2024-10-11 12:00:00
267,2024-10-10,Malware Infection,High,Resolved,Automatically generated cyber security incident record,Employee,2024-10-10 07:00:00
268,2024-06-18,Insider Threat,Medium,Investigating,Automatically generated cyber security incident record,IT Admin,2024-06-18 02:00:00
269,2024-07-20,Insider Threat,Medium,Contained,Automatically generated cyber security incident record,System Monitor,2024-07-20 02:00:00
270,2024-05-07,Password Compromise,Medium,Resolved,Automatically generated cyber security incident record,Employee,2024-05-07 11:00:00
271,2024-02-15,Phishing Attack,Critical,Contained,Automatically generated cyber security incident record,SOC Team,2024-02-15 09:00:00
272,2024-10-21,Data Breach,Medium,Closed,Automatically generated cyber security incident record,IT Admin,2024-10-21 03:00:00
273,2024-01-06,Phishing Attack,Low,Contained,Automatically generated cyber security incident record,System Monitor,2024-01-06 07:00:00
274,2024-06-13,Ransomware,High,Contained,Automatically generated cyber security incident record,SOC Team,2024-06-13 05:00:00
275,2024-08-03,Unauthorized Access,Critical,Investigating,Automatically generated cyber security incident record,IT Admin,2024-08-03 04:00:00
276,2024-07-02,DDoS Attack,Low,Investigating,Automatically generated cyber security incident record,SOC Team,2024-07-02 09:00:00
277,2024-04-26,Data Breach,High,Closed,Automatically generated cyber security incident record,Employee,2024-04-26 10:00:00
278,2024-09-24,Phishing Attack,High,Open,Automatically generated cyber security incident record,Employee,2024-09-24 02:00:00
279,2024-01-25,Password Compromise,Low,Open,Automatically generated cyber security incident record,SOC Team,2024-01-25 08:00:00
280,2024-06-28,Insider Threat,Critical,Contained,Automatically generated cyber security incident record,System Monitor,2024-06-28 12:00:00
281,2024-03-20,DDoS Attack,Critical,Open,Automatically generated cyber security incident record,System Monitor,2024-03-20 09:00:00
282,2024-07-26,Phishing Attack,Medium,Contained,Automatically generated cyber security incident record,System Monitor,2024-07-26 04:00:00
283,2024-09-14,Insider Threat,Critical,Contained,Automatically generated cyber security incident record,SOC Team,2024-09-14 11:00:00
284,2024-03-06,Ransomware,High,Open,Automatically generated cyber security incident record,Employee,2024-03-06 07:00:00
285,2024-03-03,Insider Threat,Critical,Resolved,Automatically generated cyber security incident record,IT Admin,2024-03-03 08:00:00
286,2024-03-09,Insider Threat,Medium,Contained,Automatically generated cyber security incident record,Employee,2024-03-09 12:00:00
287,2024-09-13,Phishing Attack,Low,Open,Automatically generated cyber security incident record,System Monitor,2024-09-13 04:00:00
288,2024-06-21,DDoS Attack,High,Investigating,Automatically generated cyber security incident record,Security Analyst,2024-06-21 11:00:00
289,2024-04-12,Data Breach,Low,Open,Automatically generated cyber security incident record,IT Admin,2024-04-12 11:00:00
290,2024-06-16,Insider Threat,Low,Closed,Automatically generated cyber security incident record,Security Analyst,2024-06-16 09:00:00
291,2024-03-14,Ransomware,Medium,Investigating,Automatically generated cyber security incident record,Security Analyst,2024-03-14 08:00:00
292,2024-02-28,Password Compromise,Critical,Investigating,Automatically generated cyber security incident record,SOC Team,2024-02-28 08:00:00
293,2024-08-09,DDoS Attack,Low,Investigating,Automatically generated cyber security incident record,Security Analyst,2024-08-09 06:00:00
294,2024-05-29,Unauthorized Access,High,Contained,Automatically generated cyber security incident record,Employee,2024-05-29 03:00:00
295,2024-02-22,Data Breach,Medium,Resolved,Automatically generated cyber security incident record,Employee,2024-02-22 04:00:00
296,2024-04-08,Ransomware,High,Open,Automatically generated cyber security incident record,System Monitor,2024-04-08 04:00:00
297,2024-04-24,Ransomware,Low,Closed,Automatically generated cyber security incident record,System Monitor,2024-04-24 07:00:00
298,2024-07-04,Phishing Attack,Low,Contained,Automatically generated cyber security incident record,IT Admin,2024-07-04 10:00:00
299,2024-09-29,Data Breach,Low,Closed,Automatically generated cyber security incident record,System Monitor,2024-09-29 10:00:00
300,2024-05-03,DDoS Attack,High,Resolved,Automatically generated cyber security incident record,System Monitor,2024-05-03 10:00:00
301,2024-09-26,Malware Infection,Medium,Closed,Automatically generated cyber security incident record,IT Admin,2024-09-26 12:00:00
302,2024-07-21,Malware Infection,Medium,Contained,Automatically generated cyber security incident record,System Monitor,2024-07-21 07:00:00
303,2024-01-02,Password Compromise,Medium,Resolved,Automatically generated cyber security incident record,Security Analyst,2024-01-02 08:00:00
304,2024-08-11,Password Compromise,Critical,Resolved,Automatically generated cyber security incident record,SOC Team,2024-08-11 03:00:00
305,2024-06-09,Unauthorized Access,High,Contained,Automatically generated cyber security incident record,SOC Team,2024-06-09 05:00:00
306,2024-01-03,DDoS Attack,High,Resolved,Automatically generated cyber security incident record,SOC Team,2024-01-03 05:00:00
307,2024-05-20,Phishing Attack,Critical,Contained,Automatically generated cyber security incident record,IT Admin,2024-05-20 12:00:00
308,2024-04-19,Phishing Attack,High,Resolved,Automatically generated cyber security incident record,SOC Team,2024-04-19 03:00:00
309,2024-04-13,Password Compromise,Medium,Open,Automatically generated cyber security incident record,Employee,2024-04-13 02:00:00
310,2024-04-11,Phishing Attack,High,Closed,Automatically generated cyber security incident record,IT Admin,2024-04-11 07:00:00
311,2024-06-16,DDoS Attack,High,Open,Automatically generated cyber security incident record,Security Analyst,2024-06-16 03:00:00
312,2024-08-16,Ransomware,Critical,Contained,Automatically generated cyber security incident record,Employee,2024-08-16 01:00:00
313,2024-07-07,Insider Threat,High,Resolved,Automatically generated cyber security incident record,Employee,2024-07-07 12:00:00
314,2024-03-04,Malware Infection,High,Resolved,Automatically generated cyber security incident record,IT Admin,2024-03-04 10:00:00
315,2024-03-18,Unauthorized Access,Low,Contained,Automatically generated cyber security incident record,SOC Team,2024-03-18 06:00:00
316,2024-01-31,Malware Infection,High,Investigating,Automatically generated cyber security incident record,System Monitor,2024-01-31 08:00:00
317,2024-09-15,Insider Threat,Medium,Open,Automatically generated cyber security incident record,SOC Team,2024-09-15 06:00:00
318,2024-01-17,Malware Infection,Critical,Open,Automatically generated cyber security incident record,SOC Team,2024-01-17 08:00:00
319,2024-08-14,Insider Threat,Critical,Contained,Automatically generated cyber security incident record,System Monitor,2024-08-14 10:00:00
320,2024-04-20,Malware Infection,Low,Open,Automatically generated cyber security incident record,Employee,2024-04-20 09:00:00
321,2024-06-04,Insider Threat,Critical,Closed,Automatically generated cyber security incident record,IT Admin,2024-06-04 04:00:00
322,2024-01-26,Data Breach,Low,Open,Automatically generated cyber security incident record,Employee,2024-01-26 05:00:00
323,2024-03-26,Malware Infection,Low,Closed,Automatically generated cyber security incident record,System Monitor,2024-03-26 01:00:00
324,2024-08-07,Ransomware,Critical,Investigating,Automatically generated cyber security incident record,SOC Team,2024-08-07 01:00:00
325,2024-05-09,Phishing Attack,Medium,Contained,Automatically generated cyber security incident record,IT Admin,2024-05-09 11:00:00
326,2024-09-30,DDoS Attack,High,Resolved,Automatically generated cyber security incident record,Employee,2024-09-30 03:00:00
327,2024-04-05,Ransomware,Critical,Open,Automatically generated cyber security incident record,Security Analyst,2024-04-05 05:00:00
328,2024-04-20,DDoS Attack,Medium,Resolved,Automatically generated cyber security incident record,System Monitor,2024-04-20 12:00:00
329,2024-06-15,Password Compromise,Critical,Investigating,Automatically generated cyber security incident record,IT Admin,2024-06-15 08:00:00
330,2024-10-03,DDoS Attack,Medium,Open,Automatically generated cyber security incident record,Employee,2024-10-03 10:00:00
331,2024-01-24,Data Breach,High,Investigating,Automatically generated cyber security incident record,Employee,2024-01-24 10:00:00
332,2024-08-31,Malware Infection,Medium,Contained,Automatically generated cyber security incident record,Security Analyst,2024-08-31 07:00:00
333,2024-04-30,Ransomware,Medium,Contained,Automatically generated cyber security incident record,IT Admin,2024-04-30 10:00:00
334,2024-10-05,Ransomware,Low,Resolved,Automatically generated cyber security incident record,Employee,2024-10-05 01:00:00
335,2024-10-23,Insider Threat,Medium,Open,Automatically generated cyber security incident record,System Monitor,2024-10-23 07:00:00
336,2024-05-22,Password Compromise,Critical,Investigating,Automatically generated cyber security incident record,IT Admin,2024-05-22 01:00:00
337,2024-03-24,Insider Threat,Critical,Contained,Automatically generated cyber security incident record,IT Admin,2024-03-24 01:00:00
338,2024-02-29,Data Breach,Critical,Closed,Automatically generated cyber security incident record,Security Analyst,2024-02-29 06:00:00
339,2024-07-02,Ransomware,High,Contained,Automatically generated cyber security incident record,IT Admin,2024-07-02 02:00:00
340,2024-08-19,Phishing Attack,Critical,Open,Automatically generated cyber security incident record,System Monitor,2024-08-19 01:00:00
341,2024-09-06,Password Compromise,Medium,Contained,Automatically generated cyber security incident record,SOC Team,2024-09-06 09:00:00
342,2024-05-15,Insider Threat,Medium,Investigating,Automatically generated cyber security incident record,System Monitor,2024-05-15 02:00:00
343,2024-04-30,Malware Infection,Critical,Investigating,Automatically generated cyber security incident record,Employee,2024-04-30 02:00:00
344,2024-07-27,Unauthorized Access,Low,Resolved,Automatically generated cyber security incident record,Security Analyst,2024-07-27 12:00:00
345,2024-01-23,Phishing Attack,Low,Contained,Automatically generated cyber security incident record,System Monitor,2024-01-23 12:00:00
346,2024-06-16,Phishing Attack,High,Resolved,Automatically generated cyber security incident record,Employee,2024-06-16 11:00:00
347,2024-01-09,Data Breach,Medium,Resolved,Automatically generated cyber security incident record,IT Admin,2024-01-09 11:00:00
348,2024-05-27,Data Breach,Low,Contained,Automatically generated cyber security incident record,SOC Team,2024-05-27 02:00:00
349,2024-07-02,Malware Infection,Low,Investigating,Automatically generated cyber security incident record,SOC Team,2024-07-02 12:00:00
350,2024-04-02,Data Breach,High,Investigating,Automatically generated cyber security incident record,Employee,2024-04-02 12:00:00
351,2024-06-19,DDoS Attack,Low,Investigating,Automatically generated cyber security incident record,System Monitor,2024-06-19 01:00:00
352,2024-03-02,Ransomware,Critical,Open,Automatically generated cyber security incident record,System Monitor,2024-03-02 10:00:00
353,2024-02-27,Password Compromise,Low,Contained,Automatically generated cyber security incident record,IT Admin,2024-02-27 08:00:00
354,2024-01-29,Ransomware,Low,Open,Automatically generated cyber security incident record,System Monitor,2024-01-29 04:00:00
355,2024-03-27,Insider Threat,Medium,Open,Automatically generated cyber security incident record,System Monitor,2024-03-27 06:00:00
356,2024-09-03,Data Breach,High,Resolved,Automatically generated cyber security incident record,IT Admin,2024-09-03 05:00:00
357,2024-04-29,Password Compromise,Medium,Closed,Automatically generated cyber security incident record,IT Admin,2024-04-29 12:00:00
358,2024-01-29,Ransomware,Critical,Contained,Automatically generated cyber security incident record,Security Analyst,2024-01-29 02:00:00
359,2024-02-23,Insider Threat,Medium,Contained,Automatically generated cyber security incident record,System Monitor,2024-02-23 02:00:00
360,2024-02-11,Phishing Attack,Medium,Investigating,Automatically generated cyber security incident record,SOC Team,2024-02-11 02:00:00
361,2024-01-03,DDoS Attack,Medium,Investigating,Automatically generated cyber security incident record,Security Analyst,2024-01-03 05:00:00
362,2024-02-05,Unauthorized Access,Critical,Resolved,Automatically generated cyber security incident record,Security Analyst,2024-02-05 12:00:00
363,2024-06-23,Password Compromise,Low,Closed,Automatically generated cyber security incident record,SOC Team,2024-06-23 06:00:00
364,2024-05-02,Data Breach,Medium,Investigating,Automatically generated cyber security incident record,IT Admin,2024-05-02 03:00:00
365,2024-02-26,Ransomware,High,Resolved,Automatically generated cyber security incident record,Security Analyst,2024-02-26 11:00:00
366,2024-05-06,Malware Infection,Medium,Investigating,Automatically generated cyber security incident record,IT Admin,2024-05-06 02:00:00
367,2024-08-29,Unauthorized Access,Low,Open,Automatically generated cyber security incident record,IT Admin,2024-08-29 01:00:00
368,2024-01-30,Data Breach,High,Open,Automatically generated cyber security incident record,Security Analyst,2024-01-30 11:00:00
369,2024-04-13,Unauthorized Access,Medium,Open,Automatically generated cyber security incident record,Employee,2024-04-13 10:00:00
370,2024-01-18,Ransomware,High,Resolved,Automatically generated cyber security incident record,Security Analyst,2024-01-18 03:00:00
371,2024-05-07,Data Breach,High,Resolved,Automatically generated cyber security incident record,IT Admin,2024-05-07 10:00:00
372,2024-01-03,Data Breach,Critical,Resolved,Automatically generated cyber security incident record,Security Analyst,2024-01-03 05:00:00
373,2024-06-12,DDoS Attack,Critical,Closed,Automatically generated cyber security incident record,IT Admin,2024-06-12 03:00:00
374,2024-05-08,Password Compromise,Medium,Closed,Automatically generated cyber security incident record,System Monitor,2024-05-08 07:00:00
375,2024-04-10,Phishing Attack,Medium,Open,Automatically generated cyber security incident record,Security Analyst,2024-04-10 03:00:00
376,2024-08-22,Unauthorized Access,High,Contained,Automatically generated cyber security incident record,Security Analyst,2024-08-22 11:00:00
377,2024-08-07,Ransomware,High,Closed,Automatically generated cyber security incident record,Employee,2024-08-07 04:00:00
378,2024-02-22,DDoS Attack,Critical,Closed,Automatically generated cyber security incident record,System Monitor,2024-02-22 09:00:00
379,2024-02-16,Password Compromise,Critical,Contained,Automatically generated cyber security incident record,Security Analyst,2024-02-16 03:00:00
380,2024-08-01,Data Breach,Medium,Resolved,Automatically generated cyber security incident record,System Monitor,2024-08-01 02:00:00
381,2024-02-02,Insider Threat,Critical,Open,Automatically generated cyber security incident record,Security Analyst,2024-02-02 01:00:00
382,2024-07-13,Unauthorized Access,Medium,Resolved,Automatically generated cyber security incident record,SOC Team,2024-07-13 06:00:00
383,2024-02-05,Ransomware,High,Contained,Automatically generated cyber security incident record,IT Admin,2024-02-05 04:00:00
384,2024-05-21,Insider Threat,Critical,Contained,Automatically generated cyber security incident record,SOC Team,2024-05-21 02:00:00
385,2024-07-03,Unauthorized Access,Medium,Resolved,Automatically generated cyber security incident record,IT Admin,2024-07-03 12:00:00
386,2024-04-12,Malware Infection,Medium,Closed,Automatically generated cyber security incident record,Security Analyst,2024-04-12 01:00:00
387,2024-06-25,Ransomware,Critical,Contained,Automatically generated cyber security incident record,SOC Team,2024-06-25 11:00:00
388,2024-08-10,Malware Infection,Low,Resolved,Automatically generated cyber security incident record,Employee,2024-08-10 05:00:00
389,2024-09-01,Malware Infection,Medium,Contained,Automatically generated cyber security incident record,IT Admin,2024-09-01 11:00:00
390,2024-04-04,Unauthorized Access,Medium,Open,Automatically generated cyber security incident record,SOC Team,2024-04-04 06:00:00
391,2024-01-29,Password Compromise,Medium,Contained,Automatically generated cyber security incident record,IT Admin,2024-01-29 06:00:00
392,2024-07-04,Insider Threat,Critical,Open,Automatically generated cyber security incident record,Employee,2024-07-04 06:00:00
393,2024-08-14,Insider Threat,Medium,Resolved,Automatically generated cyber security incident record,IT Admin,2024-08-14 02:00:00
394,2024-07-07,Data Breach,Medium,Investigating,Automatically generated cyber security incident record,SOC Team,2024-07-07 07:00:00
395,2024-06-26,Phishing Attack,Low,Resolved,Automatically generated cyber security incident record,Employee,2024-06-26 08:00:00
396,2024-03-21,Ransomware,Medium,Investigating,Automatically generated cyber security incident record,SOC Team,2024-03-21 04:00:00
397,2024-06-13,Phishing Attack,Medium,Resolved,Automatically generated cyber security incident record,SOC Team,2024-06-13 06:00:00
398,2024-01-08,Malware Infection,High,Contained,Automatically generated cyber security incident record,System Monitor,2024-01-08 10:00:00
399,2024-07-29,DDoS Attack,Low,Investigating,Automatically generated cyber security incident record,Security Analyst,2024-07-29 04:00:00
400,2024-09-16,Password Compromise,Medium,Resolved,Automatically generated cyber security incident record,System Monitor,2024-09-16 02:00:00
401,2024-07-23,Data Breach,Medium,Closed,Automatically generated cyber security incident record,System Monitor,2024-07-23 05:00:00
402,2024-04-20,Ransomware,High,Open,Automatically generated cyber security incident record,Security Analyst,2024-04-20 05:00:00
403,2024-09-28,Insider Threat,Critical,Resolved,Automatically generated cyber security incident record,Security Analyst,2024-09-28 02:00:00
404,2024-08-23,Unauthorized Access,High,Resolved,Automatically generated cyber security incident record,Security Analyst,2024-08-23 06:00:00
405,2024-01-04,Phishing Attack,Medium,Open,Automatically generated cyber security incident record,Security Analyst,2024-01-04 08:00:00
406,2024-03-30,Password Compromise,Medium,Investigating,Automatically generated cyber security incident record,SOC Team,2024-03-30 09:00:00
407,2024-03-10,DDoS Attack,Medium,Resolved,Automatically generated cyber security incident record,Employee,2024-03-10 11:00:00
408,2024-09-04,Data Breach,Low,Contained,Automatically generated cyber security incident record,Security Analyst,2024-09-04 08:00:00
409,2024-07-14,DDoS Attack,Critical,Contained,Automatically generated cyber security incident record,SOC Team,2024-07-14 07:00:00
410,2024-05-22,Unauthorized Access,Low,Resolved,Automatically generated cyber security incident record,SOC Team,2024-05-22 06:00:00
411,2024-08-02,Insider Threat,Low,Resolved,Automatically generated cyber security incident record,Employee,2024-08-02 11:00:00
412,2024-07-04,Password Compromise,High,Open,Automatically generated cyber security incident record,System Monitor,2024-07-04 10:00:00
413,2024-01-09,Password Compromise,High,Investigating,Automatically generated cyber security incident record,Employee,2024-01-09 09:00:00
414,2024-02-26,Unauthorized Access,Critical,Resolved,Automatically generated cyber security incident record,System Monitor,2024-02-26 07:00:00
415,2024-09-12,Unauthorized Access,Critical,Open,Automatically generated cyber security incident record,System Monitor,2024-09-12 03:00:00
416,2024-05-26,DDoS Attack,Low,Open,Automatically generated cyber security incident record,IT Admin,2024-05-26 08:00:00
417,2024-08-24,Malware Infection,Low,Closed,Automatically generated cyber security incident record,System Monitor,2024-08-24 02:00:00
418,2024-03-27,Ransomware,Low,Resolved,Automatically generated cyber security incident record,Employee,2024-03-27 06:00:00
419,2024-02-26,Data Breach,Medium,Resolved,Automatically generated cyber security incident record,IT Admin,2024-02-26 06:00:00
420,2024-04-08,Data Breach,Low,Open,Automatically generated cyber security incident record,IT Admin,2024-04-08 02:00:00
421,2024-10-13,Unauthorized Access,Medium,Contained,Automatically generated cyber security incident record,Employee,2024-10-13 04:00:00
422,2024-07-02,Malware Infection,Critical,Resolved,Automatically generated cyber security incident record,System Monitor,2024-07-02 04:00:00
423,2024-01-24,Ransomware,High,Open,Automatically generated cyber security incident record,IT Admin,2024-01-24 06:00:00
424,2024-01-13,Password Compromise,Medium,Open,Automatically generated cyber security incident record,Employee,2024-01-13 11:00:00
425,2024-07-25,Malware Infection,Medium,Open,Automatically generated cyber security incident record,SOC Team,2024-07-25 11:00:00
426,2024-02-14,Malware Infection,Critical,Investigating,Automatically generated cyber security incident record,Employee,2024-02-14 12:00:00
427,2024-02-18,Malware Infection,Medium,Open,Automatically generated cyber security incident record,Employee,2024-02-18 10:00:00
428,2024-07-22,Phishing Attack,High,Investigating,Automatically generated cyber security incident record,Security Analyst,2024-07-22 11:00:00
429,2024-02-03,DDoS Attack,Medium,Resolved,Automatically generated cyber security incident record,System Monitor,2024-02-03 04:00:00
430,2024-03-12,Ransomware,Critical,Contained,Automatically generated cyber security incident record,IT Admin,2024-03-12 11:00:00
431,2024-02-20,Malware Infection,High,Contained,Automatically generated cyber security incident record,Security Analyst,2024-02-20 02:00:00
432,2024-08-01,DDoS Attack,Critical,Investigating,Automatically generated cyber security incident record,System Monitor,2024-08-01 04:00:00
433,2024-06-30,Password Compromise,High,Resolved,Automatically generated cyber security incident record,Security Analyst,2024-06-30 06:00:00
434,2024-07-08,DDoS Attack,Critical,Investigating,Automatically generated cyber security incident record,Security Analyst,2024-07-08 09:00:00
435,2024-03-25,Insider Threat,Medium,Resolved,Automatically generated cyber security incident record,System Monitor,2024-03-25 03:00:00
436,2024-03-15,Password Compromise,Low,Contained,Automatically generated cyber security incident record,IT Admin,2024-03-15 11:00:00
437,2024-08-06,Malware Infection,High,Resolved,Automatically generated cyber security incident record,Security Analyst,2024-08-06 09:00:00
438,2024-06-26,Phishing Attack,Medium,Investigating,Automatically generated cyber security incident record,Security Analyst,2024-06-26 10:00:00
439,2024-07-26,Data Breach,Low,Resolved,Automatically generated cyber security incident record,Security Analyst,2024-07-26 09:00:00
440,2024-10-22,Phishing Attack,Medium,Contained,Automatically generated cyber security incident record,System Monitor,2024-10-22 06:00:00
441,2024-10-12,Malware Infection,Medium,Open,Automatically generated cyber security incident record,System Monitor,2024-10-12 07:00:00
442,2024-06-09,Data Breach,High,Resolved,Automatically generated cyber security incident record,System Monitor,2024-06-09 12:00:00
443,2024-06-16,Malware Infection,Medium,Resolved,Automatically generated cyber security incident record,Employee,2024-06-16 02:00:00
444,2024-04-19,Ransomware,Critical,Contained,Automatically generated cyber security incident record,System Monitor,2024-04-19 04:00:00
445,2024-09-23,Insider Threat,Low,Contained,Automatically generated cyber security incident record,System Monitor,2024-09-23 04:00:00
446,2024-01-08,Phishing Attack,Medium,Open,Automatically generated cyber security incident record,Employee,2024-01-08 10:00:00
447,2024-07-12,Insider Threat,Critical,Resolved,Automatically generated cyber security incident record,System Monitor,2024-07-12 08:00:00
448,2024-02-18,Malware Infection,Medium,Open,Automatically generated cyber security incident record,SOC Team,2024-02-18 09:00:00
449,2024-06-20,Data Breach,Low,Open,Automatically generated cyber security incident record,SOC Team,2024-06-20 06:00:00
450,2024-08-18,Unauthorized Access,Low,Contained,Automatically generated cyber security incident record,IT Admin,2024-08-18 08:00:00
451,2024-05-27,Data Breach,Critical,Closed,Automatically generated cyber security incident record,SOC Team,2024-05-27 10:00:00
452,2024-02-20,Phishing Attack,Critical,Contained,Automatically generated cyber security incident record,IT Admin,2024-02-20 09:00:00
453,2024-03-18,Data Breach,High,Closed,Automatically generated cyber security incident record,Employee,2024-03-18 03:00:00
454,2024-01-21,DDoS Attack,Medium,Investigating,Automatically generated cyber security incident record,System Monitor,2024-01-21 09:00:00
455,2024-05-22,Phishing Attack,Low,Open,Automatically generated cyber security incident record,IT Admin,2024-05-22 09:00:00
456,2024-10-18,Data Breach,Low,Investigating,Automatically generated cyber security incident record,SOC Team,2024-10-18 02:00:00
457,2024-07-10,Ransomware,Medium,Open,Automatically generated cyber security incident record,SOC Team,2024-07-10 06:00:00
458,2024-02-14,Data Breach,Low,Closed,Automatically generated cyber security incident record,IT Admin,2024-02-14 06:00:00
459,2024-04-22,Unauthorized Access,Low,Resolved,Automatically generated cyber security incident record,Security Analyst,2024-04-22 03:00:00
460,2024-05-06,DDoS Attack,Critical,Resolved,Automatically generated cyber security incident record,Security Analyst,2024-05-06 10:00:00
461,2024-02-15,Phishing Attack,High,Contained,Automatically generated cyber security incident record,System Monitor,2024-02-15 05:00:00
462,2024-08-23,Password Compromise,High,Open,Automatically generated cyber security incident record,Employee,2024-08-23 09:00:00
463,2024-01-30,Ransomware,High,Closed,Automatically generated cyber security incident record,System Monitor,2024-01-30 03:00:00
464,2024-08-27,Phishing Attack,Critical,Open,Automatically generated cyber security incident record,SOC Team,2024-08-27 01:00:00
465,2024-05-05,Malware Infection,Low,Open,Automatically generated cyber security incident record,System Monitor,2024-05-05 10:00:00
466,2024-01-26,Password Compromise,Critical,Contained,Automatically generated cyber security incident record,System Monitor,2024-01-26 09:00:00
467,2024-10-20,Data Breach,Low,Resolved,Automatically generated cyber security incident record,Employee,2024-10-20 05:00:00
468,2024-03-21,Ransomware,Medium,Contained,Automatically generated cyber security incident record,Employee,2024-03-21 06:00:00
469,2024-04-24,Unauthorized Access,High,Investigating,Automatically generated cyber security incident record,SOC Team,2024-04-24 10:00:00
470,2024-07-31,Insider Threat,Critical,Resolved,Automatically generated cyber security incident record,Employee,2024-07-31 05:00:00
471,2024-04-27,Unauthorized Access,Medium,Open,Automatically generated cyber security incident record,Security Analyst,2024-04-27 05:00:00
472,2024-09-24,Insider Threat,Medium,Investigating,Automatically generated cyber security incident record,IT Admin,2024-09-24 12:00:00
473,2024-06-03,Data Breach,Critical,Contained,Automatically generated cyber security incident record,IT Admin,2024-06-03 10:00:00
474,2024-06-05,Data Breach,High,Investigating,Automatically generated cyber security incident record,System Monitor,2024-06-05 11:00:00
475,2024-03-25,Ransomware,Medium,Investigating,Automatically generated cyber security incident record,Employee,2024-03-25 07:00:00
476,2024-10-05,DDoS Attack,Critical,Contained,Automatically generated cyber security incident record,System Monitor,2024-10-05 12:00:00
477,2024-10-11,Insider Threat,Low,Contained,Automatically generated cyber security incident record,Security Analyst,2024-10-11 04:00:00
478,2024-02-11,Ransomware,Critical,Resolved,Automatically generated cyber security incident record,System Monitor,2024-02-11 05:00:00
479,2024-01-21,Phishing Attack,Critical,Resolved,Automatically generated cyber security incident record,IT Admin,2024-01-21 05:00:00
480,2024-06-23,Unauthorized Access,High,Open,Automatically generated cyber security incident record,Employee,2024-06-23 08:00:00
481,2024-03-16,Phishing Attack,Medium,Closed,Automatically generated cyber security incident record,SOC Team,2024-03-16 09:00:00
482,2024-06-24,Data Breach,Medium,Contained,Automatically generated cyber security incident record,SOC Team,2024-06-24 02:00:00
483,2024-02-14,Insider Threat,Low,Contained,Automatically generated cyber security incident record,SOC Team,2024-02-14 12:00:00
484,2024-10-06,Unauthorized Access,Critical,Investigating,Automatically generated cyber security incident record,Security Analyst,2024-10-06 02:00:00
485,2024-04-03,Insider Threat,Low,Open,Automatically generated cyber security incident record,IT Admin,2024-04-03 09:00:00
486,2024-04-06,Insider Threat,Low,Resolved,Automatically generated cyber security incident record,IT Admin,2024-04-06 07:00:00
487,2024-01-16,Unauthorized Access,Low,Closed,Automatically generated cyber security incident record,IT Admin,2024-01-16 02:00:00
488,2024-10-10,Data Breach,Critical,Investigating,Automatically generated cyber security incident record,Security Analyst,2024-10-10 11:00:00
489,2024-03-10,Insider Threat,Critical,Resolved,Automatically generated cyber security incident record,Employee,2024-03-10 10:00:00
490,2024-01-25,Unauthorized Access,Critical,Open,Automatically generated cyber security incident record,System Monitor,2024-01-25 10:00:00
491,2024-10-27,Insider Threat,Critical,Open,Automatically generated cyber security incident record,SOC Team,2024-10-27 01:00:00
492,2024-05-19,DDoS Attack,Critical,Contained,Automatically generated cyber security incident record,Employee,2024-05-19 11:00:00
493,2024-07-26,Unauthorized Access,Medium,Investigating,Automatically generated cyber security incident record,Employee,2024-07-26 09:00:00
494,2024-08-20,Data Breach,Low,Closed,Automatically generated cyber security incident record,SOC Team,2024-08-20 09:00:00
495,2024-07-31,Malware Infection,Medium,Closed,Automatically generated cyber security incident record,IT Admin,2024-07-31 04:00:00
496,2024-01-02,Unauthorized Access,Medium,Resolved,Automatically generated cyber security incident record,IT Admin,2024-01-02 02:00:00
497,2024-03-30,Data Breach,Medium,Open,Automatically generated cyber security incident record,System Monitor,2024-03-30 03:00:00
498,2024-10-19,Ransomware,Medium,Open,Automatically generated cyber security incident record,SOC Team,2024-10-19 06:00:00
499,2024-09-18,Malware Infection,Critical,Open,Automatically generated cyber security incident record,IT Admin,2024-09-18 04:00:00
500,2024-02-02,Password Compromise,Low,Investigating,Automatically generated cyber security incident record,Employee,2024-02-02 02:00:00
