id,dataset_name,category,source,last_updated,record_count,file_size_mb,created_at
1,Error Logs 1,Security,Internal System,2024-03-28,2010764,1015.81,2024-03-08 00:00:00
2,Transaction Records 2,Analytics,On-Prem Server,2023-07-18,468690,806.59,2023-06-19 00:00:00
3,Application Usage Stats 3,System,Internal System,2024-07-24,2321481,1037.76,2024-07-13 00:00:00
4,User Activity Logs 4,Analytics,Third-Party API,2024-01-12,486392,2182.76,2023-12-27 00:00:00
5,Transaction Records 5,Finance,Internal System,2024-04-25,787455,650.34,2024-04-23 00:00:00
6,User Activity Logs 6,Analytics,Cloud Service,2024-01-08,148110,293.11,2023-12-18 00:00:00
7,Security Alerts 7,User Data,Cloud Service,2024-04-25,2336248,1485.98,2024-04-10 00:00:00
8,Transaction Records 8,Finance,On-Prem Server,2023-11-10,3002732,170.41,2023-10-30 00:00:00
9,Transaction Records 9,Security,External Vendor,2024-11-09,4075881,690.64,2024-10-21 00:00:00
10,User Activity Logs 10,Operations,External Vendor,2023-05-09,4105291,2385.85,2023-05-03 00:00:00
11,Error Logs 11,Operations,Internal System,2024-08-24,4593091,1114.69,2024-08-07 00:00:00
12,Network Traffic Data 12,System,On-Prem Server,2024-01-17,1332952,2462.52,2023-12-24 00:00:00
13,Access Logs 13,Operations,Internal System,2024-02-02,158111,441.0,2024-01-24 00:00:00
14,Security Alerts 14,Analytics,Third-Party API,2024-11-06,2972435,1902.91,2024-10-23 00:00:00
15,Audit Trails 15,Security,On-Prem Server,2023-03-03,544241,2395.58,2023-02-16 00:00:00
16,Application Usage Stats 16,Operations,Internal System,2024-02-23,3790067,826.46,2024-02-10 00:00:00
17,Audit Trails 17,User Data,Third-Party API,2023-02-17,3745454,181.74,2023-02-08 00:00:00
18,Customer Profiles 18,Security,Third-Party API,2023-07-15,2090488,1707.93,2023-07-08 00:00:00
19,Customer Profiles 19,Security,External Vendor,2024-09-05,2109243,1263.45,2024-08-28 00:00:00
20,Transaction Records 20,Operations,Internal System,2023-05-30,2061496,1295.02,2023-05-08 00:00:00
21,Transaction Records 21,Analytics,Third-Party API,2024-02-04,260308,832.66,2024-01-09 00:00:00
22,System Performance Metrics 22,User Data,On-Prem Server,2023-04-27,4379662,963.32,2023-04-02 00:00:00
23,Security Alerts 23,User Data,External Vendor,2023-08-09,1735446,572.4,2023-07-30 00:00:00
24,Customer Profiles 24,User Data,On-Prem Server,2024-08-15,4903819,1583.71,2024-07-20 00:00:00
25,Application Usage Stats 25,System,On-Prem Server,2023-05-11,1359777,278.78,2023-04-14 00:00:00
26,Application Usage Stats 26,Analytics,Internal System,2023-06-10,1424003,130.99,2023-06-03 00:00:00
27,Application Usage Stats 27,User Data,External Vendor,2024-06-09,3683625,1405.38,2024-05-30 00:00:00
28,Access Logs 28,Analytics,Third-Party API,2023-08-10,4259343,1046.65,2023-08-07 00:00:00
29,Error Logs 29,Operations,External Vendor,2023-09-14,2692678,1953.69,2023-09-03 00:00:00
30,Error Logs 30,Analytics,On-Prem Server,2023-06-17,2564185,490.74,2023-06-08 00:00:00
31,Transaction Records 31,Finance,Cloud Service,2023-03-03,3477859,2414.99,2023-02-13 00:00:00
32,Customer Profiles 32,Security,Third-Party API,2024-01-17,2027138,117.27,2024-01-09 00:00:00
33,Network Traffic Data 33,User Data,Cloud Service,2024-09-05,4706761,648.79,2024-08-31 00:00:00
34,Access Logs 34,Security,On-Prem Server,2024-01-31,2323027,13.03,2024-01-23 00:00:00
35,Audit Trails 35,System,External Vendor,2024-03-28,659818,1366.87,2024-03-10 00:00:00
36,User Activity Logs 36,Analytics,Third-Party API,2024-06-20,2393790,1044.78,2024-06-05 00:00:00
37,System Performance Metrics 37,Analytics,Third-Party API,2023-12-31,4460398,2003.94,2023-12-01 00:00:00
38,Security Alerts 38,Operations,On-Prem Server,2023-10-29,3870943,2389.76,2023-10-17 00:00:00
39,Error Logs 39,System,On-Prem Server,2024-06-28,246883,939.38,2024-05-30 00:00:00
40,Transaction Records 40,Finance,Cloud Service,2023-10-25,1817128,2203.69,2023-10-03 00:00:00
41,Customer Profiles 41,User Data,On-Prem Server,2023-04-25,2890893,132.14,2023-03-27 00:00:00
42,User Activity Logs 42,User Data,On-Prem Server,2023-08-13,4722603,2338.07,2023-07-16 00:00:00
43,Transaction Records 43,User Data,Cloud Service,2024-04-29,4898841,2111.45,2024-04-13 00:00:00
44,Audit Trails 44,Analytics,External Vendor,2023-10-08,3803685,900.93,2023-09-11 00:00:00
45,System Performance Metrics 45,System,Third-Party API,2024-09-24,1451186,1707.44,2024-09-15 00:00:00
46,Customer Profiles 46,Analytics,On-Prem Server,2023-03-25,4882670,275.78,2023-03-03 00:00:00
47,User Activity Logs 47,User Data,Third-Party API,2024-02-14,3949719,1308.09,2024-02-02 00:00:00
48,Customer Profiles 48,Security,Third-Party API,2024-01-26,1465802,1298.6,2024-01-01 00:00:00
49,System Performance Metrics 49,Operations,Internal System,2023-10-14,2629467,2174.48,2023-10-09 00:00:00
50,Audit Trails 50,Finance,Cloud Service,2024-03-31,2208114,1353.85,2024-03-23 00:00:00
51,Customer Profiles 51,Analytics,External Vendor,2024-04-25,3076036,2160.62,2024-04-01 00:00:00
52,Error Logs 52,Security,External Vendor,2023-03-31,232806,1190.53,2023-03-07 00:00:00
53,Customer Profiles 53,Security,External Vendor,2024-01-13,2272927,744.03,2024-01-11 00:00:00
54,User Activity Logs 54,User Data,Internal System,2024-08-13,1032859,774.14,2024-07-22 00:00:00
55,Application Usage Stats 55,Security,Third-Party API,2023-08-23,4323457,2218.28,2023-07-26 00:00:00
56,Application Usage Stats 56,Finance,Cloud Service,2023-12-18,4270627,791.95,2023-12-09 00:00:00
57,Application Usage Stats 57,Security,Internal System,2023-07-29,2510961,1239.8,2023-07-10 00:00:00
58,Application Usage Stats 58,Finance,Third-Party API,2024-04-07,430245,1669.13,2024-03-28 00:00:00
59,Error Logs 59,System,On-Prem Server,2023-04-04,3292955,2273.53,2023-03-28 00:00:00
60,Error Logs 60,Finance,Third-Party API,2024-10-14,29389,2169.29,2024-09-18 00:00:00
61,Application Usage Stats 61,Operations,External Vendor,2024-07-10,244473,1646.56,2024-06-13 00:00:00
62,Error Logs 62,Security,Internal System,2024-09-25,1882163,1365.68,2024-09-13 00:00:00
63,Access Logs 63,Finance,Cloud Service,2023-08-09,2469127,1255.53,2023-08-08 00:00:00
64,Access Logs 64,Operations,Third-Party API,2024-08-15,2593307,2263.84,2024-08-08 00:00:00
65,Application Usage Stats 65,User Data,Third-Party API,2023-06-04,2387198,696.14,2023-05-28 00:00:00
66,Audit Trails 66,System,On-Prem Server,2024-10-04,4839494,942.12,2024-09-29 00:00:00
67,Security Alerts 67,System,Internal System,2023-11-13,4894754,2360.1,2023-10-18 00:00:00
68,Access Logs 68,User Data,External Vendor,2023-08-28,4438739,2446.76,2023-08-19 00:00:00
69,Error Logs 69,Operations,Third-Party API,2024-04-14,2654963,397.6,2024-03-31 00:00:00
70,Customer Profiles 70,Finance,On-Prem Server,2024-05-19,1196202,783.13,2024-04-23 00:00:00
71,Security Alerts 71,Security,External Vendor,2023-04-04,896658,1691.14,2023-03-29 00:00:00
72,Network Traffic Data 72,Operations,External Vendor,2023-02-01,368094,200.16,2023-01-07 00:00:00
73,Transaction Records 73,Finance,On-Prem Server,2023-05-19,3941150,675.91,2023-04-25 00:00:00
74,Security Alerts 74,User Data,Internal System,2024-01-15,302227,288.07,2024-01-05 00:00:00
75,Application Usage Stats 75,Finance,Cloud Service,2024-03-22,1911122,2437.3,2024-02-28 00:00:00
76,Access Logs 76,Security,On-Prem Server,2024-09-11,3906094,1252.3,2024-09-10 00:00:00
77,User Activity Logs 77,User Data,Third-Party API,2023-02-10,3942166,1369.77,2023-01-17 00:00:00
78,Error Logs 78,Analytics,Third-Party API,2023-04-30,1796588,1739.29,2023-04-03 00:00:00
79,Error Logs 79,Finance,Cloud Service,2023-10-19,2074329,1178.67,2023-09-29 00:00:00
80,Application Usage Stats 80,Finance,Third-Party API,2024-04-26,1690408,1633.13,2024-04-04 00:00:00
81,Network Traffic Data 81,Security,Internal System,2024-06-01,3153317,1884.41,2024-05-28 00:00:00
82,Customer Profiles 82,Analytics,External Vendor,2023-08-17,4673869,1637.23,2023-07-19 00:00:00
83,User Activity Logs 83,Finance,External Vendor,2023-11-25,780864,2191.0,2023-11-15 00:00:00
84,Security Alerts 84,System,External Vendor,2024-07-03,3478709,781.6,2024-06-04 00:00:00
85,Customer Profiles 85,Finance,External Vendor,2024-07-21,4202726,982.23,2024-07-05 00:00:00
86,Audit Trails 86,System,Cloud Service,2023-02-16,20896,1150.32,2023-02-12 00:00:00
87,Application Usage Stats 87,Analytics,Cloud Service,2024-10-23,2488104,2260.66,2024-10-07 00:00:00
88,Error Logs 88,System,On-Prem Server,2023-07-29,4969017,1050.88,2023-06-29 00:00:00
89,Access Logs 89,Analytics,Internal System,2023-04-21,2529077,1354.17,2023-03-25 00:00:00
90,System Performance Metrics 90,Operations,External Vendor,2024-03-20,1745692,2161.64,2024-03-01 00:00:00
91,Transaction Records 91,User Data,Cloud Service,2024-11-26,2787239,1231.92,2024-11-10 00:00:00
92,Transaction Records 92,System,Third-Party API,2023-12-26,4035410,1459.86,2023-12-13 00:00:00
93,Transaction Records 93,Operations,Third-Party API,2023-03-25,728264,227.28,2023-03-23 00:00:00
94,Access Logs 94,User Data,Internal System,2023-01-19,467124,1141.8,2023-01-13 00:00:00
95,Application Usage Stats 95,Operations,Internal System,2024-06-03,3230532,387.16,2024-05-13 00:00:00
96,User Activity Logs 96,System,Cloud Service,2024-04-10,2677271,1067.07,2024-04-06 00:00:00
97,User Activity Logs 97,Analytics,On-Prem Server,2024-09-04,2305397,1929.14,2024-08-27 00:00:00
98,Network Traffic Data 98,User Data,Cloud Service,2023-06-23,2727242,1585.41,2023-06-11 00:00:00
99,Security Alerts 99,Analytics,External Vendor,2023-03-13,1881750,1448.55,2023-03-02 00:00:00
100,Application Usage Stats 100,User Data,Third-Party API,2024-05-15,3805855,1335.44,2024-05-12 00:00:00
101,Error Logs 101,User Data,On-Prem Server,2023-06-21,3984301,2134.0,2023-05-29 00:00:00
102,System Performance Metrics 102,User Data,On-Prem Server,2024-02-14,4370542,1263.79,2024-01-18 00:00:00
103,Application Usage Stats 103,Operations,On-Prem Server,2024-11-22,4614853,1426.91,2024-10-26 00:00:00
104,Network Traffic Data 104,System,External Vendor,2024-11-03,3418161,843.51,2024-10-24 00:00:00
105,Audit Trails 105,User Data,Third-Party API,2023-09-04,2425432,989.09,2023-08-22 00:00:00
106,User Activity Logs 106,Security,Internal System,2024-03-18,4017273,753.32,2024-03-08 00:00:00
107,User Activity Logs 107,Finance,On-Prem Server,2023-11-17,3731727,579.24,2023-10-25 00:00:00
108,Network Traffic Data 108,Analytics,Internal System,2023-07-01,4639552,580.43,2023-06-08 00:00:00
109,Transaction Records 109,Security,External Vendor,2024-05-31,1020682,152.29,2024-05-08 00:00:00
110,Application Usage Stats 110,User Data,On-Prem Server,2024-05-30,3206548,1814.71,2024-05-04 00:00:00
111,Error Logs 111,Analytics,External Vendor,2024-10-05,3421334,670.87,2024-10-02 00:00:00
112,Security Alerts 112,Finance,Cloud Service,2024-09-08,2355371,1687.5,2024-09-02 00:00:00
113,User Activity Logs 113,Operations,Internal System,2023-09-03,4193328,2449.13,2023-08-06 00:00:00
114,Application Usage Stats 114,System,Cloud Service,2023-09-13,223566,1557.11,2023-08-31 00:00:00
115,Transaction Records 115,System,Internal System,2024-09-07,3081182,2265.15,2024-09-03 00:00:00
116,Transaction Records 116,System,Internal System,2023-10-30,3657979,1831.55,2023-10-24 00:00:00
117,User Activity Logs 117,Security,Internal System,2024-11-15,3844398,1650.59,2024-10-26 00:00:00
118,User Activity Logs 118,Operations,Cloud Service,2023-08-18,1910310,1698.12,2023-08-07 00:00:00
119,Transaction Records 119,Operations,On-Prem Server,2023-06-27,2594952,1146.13,2023-06-16 00:00:00
120,Error Logs 120,System,External Vendor,2023-01-02,1904497,2399.66,2022-12-16 00:00:00
121,System Performance Metrics 121,Analytics,Third-Party API,2023-04-05,3426421,1240.74,2023-03-31 00:00:00
122,User Activity Logs 122,System,Internal System,2023-03-06,2179623,443.98,2023-02-24 00:00:00
123,Customer Profiles 123,Security,On-Prem Server,2023-05-14,3709360,1822.62,2023-04-29 00:00:00
124,Access Logs 124,User Data,On-Prem Server,2023-10-07,4264553,92.43,2023-09-15 00:00:00
125,Network Traffic Data 125,Finance,Third-Party API,2023-02-11,197937,1429.39,2023-02-07 00:00:00
126,Audit Trails 126,Security,On-Prem Server,2023-11-22,893876,1567.9,2023-11-01 00:00:00
127,Application Usage Stats 127,Finance,External Vendor,2023-10-04,3355731,333.21,2023-09-14 00:00:00
128,Security Alerts 128,User Data,On-Prem Server,2024-06-30,857130,597.91,2024-05-31 00:00:00
129,Transaction Records 129,Finance,Third-Party API,2023-10-19,1349879,2167.27,2023-10-13 00:00:00
130,Transaction Records 130,System,Third-Party API,2024-03-05,1794618,149.27,2024-03-03 00:00:00
131,Audit Trails 131,Analytics,On-Prem Server,2023-10-02,555018,1638.52,2023-09-10 00:00:00
132,Access Logs 132,Operations,Third-Party API,2023-12-17,1359724,1809.93,2023-12-14 00:00:00
133,Error Logs 133,Finance,On-Prem Server,2023-12-06,4103484,1476.01,2023-11-09 00:00:00
134,Error Logs 134,Operations,Cloud Service,2023-06-20,4293914,1773.68,2023-05-21 00:00:00
135,Network Traffic Data 135,Security,On-Prem Server,2023-10-19,3035293,2123.6,2023-09-29 00:00:00
136,User Activity Logs 136,Analytics,On-Prem Server,2023-02-23,2810224,1976.7,2023-02-21 00:00:00
137,Network Traffic Data 137,Finance,External Vendor,2023-11-30,3615534,1929.72,2023-11-24 00:00:00
138,Access Logs 138,Operations,Third-Party API,2024-01-02,1848077,1511.89,2023-12-25 00:00:00
139,Customer Profiles 139,User Data,Third-Party API,2023-04-13,765418,1861.11,2023-03-14 00:00:00
140,Access Logs 140,Finance,External Vendor,2024-06-14,2132653,2370.71,2024-05-18 00:00:00
141,Audit Trails 141,Operations,Third-Party API,2024-01-03,2492413,67.91,2023-12-21 00:00:00
142,Audit Trails 142,User Data,Cloud Service,2024-03-25,1559936,483.77,2024-03-10 00:00:00
143,Transaction Records 143,Analytics,On-Prem Server,2023-06-16,612187,923.89,2023-06-11 00:00:00
144,Security Alerts 144,Operations,Internal System,2023-02-28,3221957,488.32,2023-02-23 00:00:00
145,Transaction Records 145,Security,On-Prem Server,2024-03-07,2985080,662.35,2024-02-16 00:00:00
146,Transaction Records 146,Analytics,On-Prem Server,2024-08-26,3437814,951.84,2024-08-09 00:00:00
147,Customer Profiles 147,Analytics,Third-Party API,2024-04-28,928407,633.74,2024-03-30 00:00:00
148,Security Alerts 148,Security,On-Prem Server,2023-04-19,3072232,2433.63,2023-03-22 00:00:00
149,Error Logs 149,Security,Cloud Service,2023-06-03,4933482,743.96,2023-05-18 00:00:00
150,User Activity Logs 150,User Data,On-Prem Server,2023-06-30,3357987,31.19,2023-06-24 00:00:00
151,Application Usage Stats 151,Analytics,External Vendor,2023-11-04,4376444,2078.6,2023-10-06 00:00:00
152,Audit Trails 152,User Data,External Vendor,2024-10-14,3015484,59.69,2024-09-19 00:00:00
153,User Activity Logs 153,Analytics,On-Prem Server,2024-10-24,1606576,326.67,2024-10-21 00:00:00
154,Network Traffic Data 154,User Data,Cloud Service,2023-07-21,1530795,964.86,2023-07-14 00:00:00
155,Error Logs 155,Operations,Cloud Service,2024-07-13,2119299,1139.33,2024-07-03 00:00:00
156,Transaction Records 156,User Data,Cloud Service,2024-06-26,1796228,2285.89,2024-06-24 00:00:00
157,Network Traffic Data 157,Analytics,External Vendor,2023-12-05,4389171,1485.95,2023-11-07 00:00:00
158,Network Traffic Data 158,System,External Vendor,2024-06-16,2092938,1062.72,2024-06-14 00:00:00
159,Network Traffic Data 159,User Data,On-Prem Server,2024-01-09,3412771,875.79,2023-12-25 00:00:00
160,Transaction Records 160,Operations,On-Prem Server,2024-10-19,4980739,1021.93,2024-09-29 00:00:00
161,Error Logs 161,Security,Third-Party API,2023-01-13,864368,624.66,2022-12-28 00:00:00
162,Security Alerts 162,System,On-Prem Server,2023-12-08,2850097,10.79,2023-11-20 00:00:00
163,Transaction Records 163,System,Third-Party API,2024-10-02,589430,710.12,2024-09-21 00:00:00
164,Security Alerts 164,Analytics,On-Prem Server,2023-12-11,2900063,492.34,2023-11-14 00:00:00
165,Network Traffic Data 165,System,External Vendor,2023-06-17,757691,943.64,2023-06-16 00:00:00
166,Application Usage Stats 166,Security,On-Prem Server,2023-06-07,3383601,1263.99,2023-05-13 00:00:00
167,Security Alerts 167,Finance,External Vendor,2024-05-07,4556842,2116.03,2024-04-17 00:00:00
168,Security Alerts 168,Security,External Vendor,2024-02-02,3832166,368.86,2024-01-25 00:00:00
169,Access Logs 169,System,External Vendor,2024-04-24,4684138,362.83,2024-04-23 00:00:00
170,Transaction Records 170,Finance,Cloud Service,2024-01-17,976178,1096.45,2024-01-11 00:00:00
171,Customer Profiles 171,Operations,Cloud Service,2023-03-28,2105768,2483.43,2023-03-01 00:00:00
172,Transaction Records 172,Finance,Cloud Service,2023-12-21,3820258,920.99,2023-11-26 00:00:00
173,User Activity Logs 173,Finance,On-Prem Server,2024-05-31,1253122,2365.59,2024-05-16 00:00:00
174,Application Usage Stats 174,System,Cloud Service,2024-02-07,333089,1259.94,2024-01-19 00:00:00
175,Network Traffic Data 175,User Data,External Vendor,2023-06-26,1995649,2469.63,2023-06-13 00:00:00
176,System Performance Metrics 176,Operations,Cloud Service,2024-06-22,1492770,1776.05,2024-05-27 00:00:00
177,User Activity Logs 177,Analytics,Third-Party API,2023-08-23,1870029,2052.4,2023-08-15 00:00:00
178,Access Logs 178,User Data,Cloud Service,2023-10-19,3566918,1527.87,2023-09-28 00:00:00
179,User Activity Logs 179,Operations,Third-Party API,2023-10-22,790324,2049.26,2023-09-29 00:00:00
180,User Activity Logs 180,User Data,Internal System,2024-02-26,2736751,1831.12,2024-02-12 00:00:00
181,Audit Trails 181,System,On-Prem Server,2024-07-23,562204,713.9,2024-06-30 00:00:00
182,User Activity Logs 182,System,External Vendor,2023-05-21,2980504,376.05,2023-05-18 00:00:00
183,Customer Profiles 183,System,Cloud Service,2023-07-06,1877346,519.94,2023-06-15 00:00:00
184,Audit Trails 184,Security,On-Prem Server,2023-04-22,1443922,1715.51,2023-04-13 00:00:00
185,Network Traffic Data 185,Finance,Internal System,2024-02-28,336104,672.73,2024-02-04 00:00:00
186,Audit Trails 186,User Data,Internal System,2023-03-25,704835,1466.35,2023-03-19 00:00:00
187,Customer Profiles 187,User Data,Internal System,2023-08-14,3595020,1304.24,2023-07-23 00:00:00
188,Network Traffic Data 188,Security,On-Prem Server,2024-08-05,1445264,1478.28,2024-07-23 00:00:00
189,Security Alerts 189,Operations,External Vendor,2024-10-07,1279263,1965.95,2024-09-15 00:00:00
190,Access Logs 190,System,Third-Party API,2024-06-23,3016924,228.04,2024-05-28 00:00:00
191,Security Alerts 191,System,On-Prem Server,2023-05-08,2523588,249.2,2023-04-24 00:00:00
192,Transaction Records 192,User Data,Third-Party API,2023-01-11,2162050,288.25,2023-01-08 00:00:00
193,Security Alerts 193,Finance,Internal System,2023-02-21,1422819,1713.87,2023-02-07 00:00:00
194,Network Traffic Data 194,System,Third-Party API,2023-04-12,3731381,399.04,2023-04-11 00:00:00
195,Error Logs 195,System,On-Prem Server,2023-09-12,1836422,31.94,2023-08-23 00:00:00
196,User Activity Logs 196,Finance,External Vendor,2023-07-23,3212517,1045.52,2023-07-21 00:00:00
197,Audit Trails 197,Finance,Cloud Service,2023-04-06,568323,179.84,2023-03-10 00:00:00
198,Access Logs 198,Finance,On-Prem Server,2024-02-20,980991,463.3,2024-01-27 00:00:00
199,Transaction Records 199,User Data,Third-Party API,2023-10-18,3103068,1643.8,2023-09-21 00:00:00
200,Audit Trails 200,User Data,Third-Party API,2023-06-27,2582355,1326.43,2023-06-05 00:00:00
201,Audit Trails 201,System,Third-Party API,2023-10-09,3983472,1616.87,2023-09-09 00:00:00
202,Customer Profiles 202,User Data,Cloud Service,2023-11-26,1887913,896.27,2023-11-25 00:00:00
203,Audit Trails 203,Analytics,Third-Party API,2024-08-17,1006980,182.23,2024-08-09 00:00:00
204,Security Alerts 204,System,Internal System,2023-11-06,3638393,1303.84,2023-10-22 00:00:00
205,Network Traffic Data 205,Analytics,On-Prem Server,2023-02-23,1469483,1649.84,2023-01-29 00:00:00
206,Network Traffic Data 206,Security,Third-Party API,2023-07-29,3847104,874.91,2023-07-22 00:00:00
207,Audit Trails 207,User Data,External Vendor,2023-04-05,2141585,1013.28,2023-03-19 00:00:00
208,Error Logs 208,Operations,Cloud Service,2023-12-05,3184706,2328.93,2023-11-28 00:00:00
209,Customer Profiles 209,Analytics,Internal System,2023-10-18,3977647,244.49,2023-09-25 00:00:00
210,System Performance Metrics 210,Finance,External Vendor,2024-04-02,1961324,1069.14,2024-03-04 00:00:00
211,Security Alerts 211,Security,On-Prem Server,2024-10-28,485378,804.39,2024-10-18 00:00:00
212,Audit Trails 212,System,Internal System,2023-05-27,3118384,1900.07,2023-05-23 00:00:00
213,Transaction Records 213,Analytics,Cloud Service,2023-07-21,45509,1243.58,2023-07-09 00:00:00
214,Application Usage Stats 214,Analytics,External Vendor,2023-12-27,2264828,891.6,2023-11-30 00:00:00
215,System Performance Metrics 215,System,External Vendor,2024-05-24,2965581,2056.92,2024-04-26 00:00:00
216,Error Logs 216,System,Third-Party API,2023-04-04,3207190,621.32,2023-03-29 00:00:00
217,System Performance Metrics 217,Security,Internal System,2024-05-13,1798514,1393.92,2024-05-11 00:00:00
218,Application Usage Stats 218,System,On-Prem Server,2024-08-01,2978934,2411.62,2024-07-12 00:00:00
219,Audit Trails 219,User Data,Third-Party API,2024-11-28,1781943,274.66,2024-11-22 00:00:00
220,Network Traffic Data 220,User Data,Cloud Service,2024-03-04,2280991,806.85,2024-03-02 00:00:00
221,Customer Profiles 221,Finance,On-Prem Server,2024-04-12,755331,2270.3,2024-03-18 00:00:00
222,Access Logs 222,Analytics,On-Prem Server,2023-02-13,494537,1495.38,2023-02-05 00:00:00
223,Customer Profiles 223,Analytics,Third-Party API,2024-11-22,1475143,1022.35,2024-10-25 00:00:00
224,Audit Trails 224,User Data,On-Prem Server,2024-02-22,2021810,232.59,2024-01-31 00:00:00
225,System Performance Metrics 225,User Data,On-Prem Server,2024-05-30,3053597,1749.18,2024-04-30 00:00:00
226,System Performance Metrics 226,User Data,On-Prem Server,2023-10-01,1133398,1923.89,2023-09-06 00:00:00
227,Error Logs 227,Finance,On-Prem Server,2023-07-15,3854862,2163.01,2023-06-20 00:00:00
228,Network Traffic Data 228,Analytics,Third-Party API,2023-06-13,3375211,223.42,2023-05-23 00:00:00
229,Transaction Records 229,System,Internal System,2024-07-06,169406,1834.9,2024-06-12 00:00:00
230,Audit Trails 230,Finance,Internal System,2024-05-09,4768531,2475.4,2024-05-04 00:00:00
231,Customer Profiles 231,Security,Internal System,2024-11-03,3092972,279.14,2024-10-25 00:00:00
232,Customer Profiles 232,User Data,Internal System,2024-07-29,1031381,275.61,2024-07-19 00:00:00
233,Access Logs 233,User Data,On-Prem Server,2023-07-01,417043,2197.07,2023-06-01 00:00:00
234,User Activity Logs 234,User Data,Cloud Service,2024-08-30,3068932,1145.74,2024-08-18 00:00:00
235,Access Logs 235,Security,Cloud Service,2024-02-26,3677728,289.96,2024-02-02 00:00:00
236,Application Usage Stats 236,Analytics,Internal System,2024-08-02,4884195,494.07,2024-07-27 00:00:00
237,Application Usage Stats 237,Analytics,On-Prem Server,2023-07-05,3738952,338.78,2023-06-07 00:00:00
238,Error Logs 238,Analytics,Third-Party API,2024-10-08,90364,341.76,2024-09-12 00:00:00
239,Customer Profiles 239,System,Third-Party API,2023-02-11,1470716,504.45,2023-01-21 00:00:00
240,Error Logs 240,System,Third-Party API,2024-08-01,2029986,1236.6,2024-07-06 00:00:00
241,Error Logs 241,System,Internal System,2024-10-09,456320,1068.17,2024-10-02 00:00:00
242,Customer Profiles 242,Analytics,On-Prem Server,2024-02-11,3473481,1133.43,2024-02-02 00:00:00
243,Audit Trails 243,Finance,External Vendor,2023-04-06,294135,1382.39,2023-04-03 00:00:00
244,Security Alerts 244,System,On-Prem Server,2023-12-13,1235968,1605.86,2023-12-01 00:00:00
245,Access Logs 245,Analytics,Cloud Service,2023-05-29,3001826,601.65,2023-05-07 00:00:00
246,Transaction Records 246,Operations,On-Prem Server,2023-07-14,4232348,1838.88,2023-06-24 00:00:00
247,Error Logs 247,Analytics,On-Prem Server,2023-11-18,2485760,953.92,2023-11-09 00:00:00
248,Error Logs 248,Operations,On-Prem Server,2024-06-29,3942681,1799.9,2024-06-16 00:00:00
249,Audit Trails 249,Finance,Cloud Service,2023-04-17,2770261,1886.65,2023-03-18 00:00:00
250,System Performance Metrics 250,Analytics,Internal System,2023-04-01,1354886,1797.06,2023-03-31 00:00:00
251,Audit Trails 251,Security,On-Prem Server,2023-12-03,4454923,2436.3,2023-11-23 00:00:00
252,Application Usage Stats 252,System,Third-Party API,2023-11-06,4642600,713.3,2023-10-27 00:00:00
253,Network Traffic Data 253,Finance,External Vendor,2023-06-23,4331563,1510.95,2023-06-13 00:00:00
254,Security Alerts 254,System,On-Prem Server,2023-05-01,2210153,1849.28,2023-04-26 00:00:00
255,Audit Trails 255,User Data,Internal System,2024-05-22,3098257,399.39,2024-05-17 00:00:00
256,Error Logs 256,User Data,On-Prem Server,2024-08-19,832429,2279.96,2024-08-15 00:00:00
257,Application Usage Stats 257,Security,Cloud Service,2023-06-17,869847,1542.84,2023-06-07 00:00:00
258,Security Alerts 258,System,On-Prem Server,2023-09-04,895139,1152.28,2023-09-01 00:00:00
259,Error Logs 259,Security,Internal System,2024-05-19,4102839,102.37,2024-05-11 00:00:00
260,Application Usage Stats 260,User Data,Internal System,2024-02-20,2835996,1892.7,2024-02-17 00:00:00
261,Application Usage Stats 261,Analytics,Internal System,2023-10-02,4106321,1249.87,2023-09-27 00:00:00
262,Transaction Records 262,System,On-Prem Server,2024-06-04,2065538,1049.29,2024-06-03 00:00:00
263,User Activity Logs 263,User Data,On-Prem Server,2024-08-14,3264336,1058.27,2024-08-04 00:00:00
264,Transaction Records 264,Finance,Internal System,2024-04-02,1352309,2340.02,2024-03-13 00:00:00
265,Audit Trails 265,Security,External Vendor,2024-06-25,2681717,1245.09,2024-06-03 00:00:00
266,Network Traffic Data 266,Finance,Third-Party API,2023-10-22,3460684,183.28,2023-09-25 00:00:00
267,Access Logs 267,Finance,Internal System,2024-08-24,1422784,2043.97,2024-08-06 00:00:00
268,User Activity Logs 268,Operations,Internal System,2024-05-30,3933609,510.48,2024-05-12 00:00:00
269,User Activity Logs 269,System,Internal System,2023-02-15,2528995,2219.24,2023-01-26 00:00:00
270,Audit Trails 270,User Data,Cloud Service,2023-05-10,4616692,206.25,2023-05-01 00:00:00
271,User Activity Logs 271,User Data,External Vendor,2024-01-25,1640378,861.72,2023-12-28 00:00:00
272,Transaction Records 272,Security,On-Prem Server,2023-08-22,2626449,1766.46,2023-08-04 00:00:00
273,Application Usage Stats 273,Analytics,External Vendor,2023-10-17,2021923,2322.22,2023-09-22 00:00:00
274,Audit Trails 274,Finance,Cloud Service,2024-02-02,665858,2448.47,2024-01-22 00:00:00
275,Application Usage Stats 275,Finance,Third-Party API,2023-10-12,2768508,748.79,2023-10-09 00:00:00
276,Error Logs 276,Finance,Cloud Service,2023-03-10,604164,206.4,2023-02-15 00:00:00
277,Access Logs 277,Security,External Vendor,2023-02-02,4352433,1229.45,2023-01-09 00:00:00
278,User Activity Logs 278,Finance,External Vendor,2023-09-18,2940616,1003.26,2023-09-03 00:00:00
279,Network Traffic Data 279,System,Internal System,2024-09-25,208212,1128.55,2024-08-28 00:00:00
280,System Performance Metrics 280,Operations,External Vendor,2024-09-11,1734855,1688.43,2024-08-14 00:00:00
281,Security Alerts 281,Finance,Third-Party API,2024-02-24,1957169,816.06,2024-02-09 00:00:00
282,Audit Trails 282,Finance,Internal System,2024-07-13,2467711,610.33,2024-06-28 00:00:00
283,Audit Trails 283,User Data,Third-Party API,2023-01-19,1552239,1617.56,2023-01-01 00:00:00
284,Error Logs 284,Security,External Vendor,2023-05-14,4324350,752.98,2023-04-27 00:00:00
285,System Performance Metrics 285,Operations,Internal System,2023-12-25,2278948,2300.29,2023-12-12 00:00:00
286,Transaction Records 286,Finance,Cloud Service,2023-06-09,4066021,1448.59,2023-05-21 00:00:00
287,Transaction Records 287,Security,External Vendor,2023-04-10,680780,736.0,2023-03-20 00:00:00
288,System Performance Metrics 288,System,External Vendor,2024-01-15,3867190,1729.09,2023-12-16 00:00:00
289,Security Alerts 289,User Data,External Vendor,2023-01-22,3671775,133.97,2022-12-28 00:00:00
290,Application Usage Stats 290,System,External Vendor,2024-01-01,1206350,90.49,2023-12-08 00:00:00
291,Application Usage Stats 291,System,On-Prem Server,2023-01-09,1171169,2350.21,2023-01-04 00:00:00
292,System Performance Metrics 292,Operations,External Vendor,2023-06-18,245106,308.4,2023-05-24 00:00:00
293,Error Logs 293,Operations,Cloud Service,2023-09-06,923251,431.89,2023-08-16 00:00:00
294,Network Traffic Data 294,User Data,External Vendor,2024-07-17,701863,1792.37,2024-07-06 00:00:00
295,Application Usage Stats 295,Security,External Vendor,2023-05-12,1624585,1948.63,2023-04-16 00:00:00
296,System Performance Metrics 296,User Data,Internal System,2023-03-30,2804518,1158.83,2023-03-16 00:00:00
297,Transaction Records 297,Analytics,Internal System,2023-06-28,3747388,1685.83,2023-06-27 00:00:00
298,Security Alerts 298,Security,On-Prem Server,2023-03-29,1820389,2389.52,2023-02-28 00:00:00
299,Transaction Records 299,Security,External Vendor,2023-08-05,273008,1962.45,2023-07-12 00:00:00
300,Application Usage Stats 300,System,Cloud Service,2023-06-02,3406760,756.67,2023-05-25 00:00:00
301,User Activity Logs 301,System,Internal System,2024-04-18,4545170,1926.98,2024-03-21 00:00:00
302,Security Alerts 302,User Data,On-Prem Server,2024-10-17,2783744,657.93,2024-09-17 00:00:00
303,Network Traffic Data 303,System,Internal System,2024-10-07,1517854,844.18,2024-09-13 00:00:00
304,Application Usage Stats 304,System,Third-Party API,2024-06-25,823426,809.91,2024-05-27 00:00:00
305,Error Logs 305,Analytics,Internal System,2024-04-11,4321865,2472.04,2024-03-29 00:00:00
306,System Performance Metrics 306,Security,External Vendor,2024-06-28,279888,993.15,2024-06-12 00:00:00
307,User Activity Logs 307,Analytics,Third-Party API,2024-08-19,2395022,1178.6,2024-08-02 00:00:00
308,Customer Profiles 308,Finance,External Vendor,2023-12-24,1845322,615.58,2023-12-19 00:00:00
309,User Activity Logs 309,Finance,Cloud Service,2023-11-07,3194848,1000.84,2023-10-26 00:00:00
310,Network Traffic Data 310,User Data,Internal System,2024-05-02,1077098,1385.93,2024-04-30 00:00:00
311,Customer Profiles 311,Security,External Vendor,2023-05-27,4942064,721.85,2023-05-09 00:00:00
312,Access Logs 312,Analytics,Cloud Service,2023-05-16,4717280,2155.66,2023-04-19 00:00:00
313,Customer Profiles 313,Operations,External Vendor,2024-03-18,4827400,1050.84,2024-03-09 00:00:00
314,Network Traffic Data 314,Analytics,External Vendor,2023-02-19,2979854,2490.68,2023-02-09 00:00:00
315,Access Logs 315,Finance,Internal System,2024-01-16,2074373,254.52,2024-01-15 00:00:00
316,Error Logs 316,System,Internal System,2023-08-21,3756092,1947.99,2023-08-02 00:00:00
317,System Performance Metrics 317,User Data,Internal System,2023-03-30,575028,1661.79,2023-03-14 00:00:00
318,Network Traffic Data 318,Security,External Vendor,2024-06-17,2654813,2408.34,2024-05-21 00:00:00
319,Error Logs 319,Analytics,On-Prem Server,2023-01-31,1142555,650.34,2023-01-18 00:00:00
320,User Activity Logs 320,Security,Third-Party API,2023-05-28,1110959,8.51,2023-05-22 00:00:00
321,Customer Profiles 321,Analytics,On-Prem Server,2023-05-30,1358096,835.97,2023-05-23 00:00:00
322,Access Logs 322,Finance,Third-Party API,2023-11-18,440493,464.37,2023-11-12 00:00:00
323,Network Traffic Data 323,Operations,Internal System,2023-11-12,3087331,1150.43,2023-10-27 00:00:00
324,Customer Profiles 324,System,Cloud Service,2024-03-10,2962265,279.79,2024-02-09 00:00:00
325,System Performance Metrics 325,Operations,Cloud Service,2023-06-27,258736,1506.44,2023-06-09 00:00:00
326,User Activity Logs 326,Operations,External Vendor,2023-07-20,227477,192.39,2023-07-02 00:00:00
327,Network Traffic Data 327,System,Cloud Service,2023-08-12,3266645,1161.39,2023-07-18 00:00:00
328,User Activity Logs 328,Security,On-Prem Server,2024-08-20,2162579,200.53,2024-08-11 00:00:00
329,Customer Profiles 329,Finance,External Vendor,2024-02-13,701632,1540.24,2024-02-12 00:00:00
330,Error Logs 330,User Data,Internal System,2024-05-21,642919,1496.04,2024-05-17 00:00:00
331,Application Usage Stats 331,Analytics,On-Prem Server,2024-06-10,482824,2466.63,2024-05-21 00:00:00
332,Network Traffic Data 332,Security,On-Prem Server,2024-03-02,1118952,1755.56,2024-02-11 00:00:00
333,Security Alerts 333,System,Third-Party API,2024-09-12,4843818,801.47,2024-08-31 00:00:00
334,Access Logs 334,Security,On-Prem Server,2023-11-01,1890401,942.77,2023-10-08 00:00:00
335,Network Traffic Data 335,Security,Internal System,2023-05-08,2243951,1812.49,2023-05-03 00:00:00
336,System Performance Metrics 336,Security,On-Prem Server,2023-07-10,861704,419.75,2023-07-09 00:00:00
337,Security Alerts 337,Security,On-Prem Server,2024-09-10,488743,942.79,2024-08-31 00:00:00
338,Audit Trails 338,Operations,Internal System,2023-10-04,617165,412.92,2023-09-17 00:00:00
339,Network Traffic Data 339,Analytics,Third-Party API,2023-07-23,4547352,1531.96,2023-07-07 00:00:00
340,User Activity Logs 340,Operations,Internal System,2024-10-18,806305,1991.57,2024-10-01 00:00:00
341,Security Alerts 341,Security,On-Prem Server,2024-01-05,1697171,1979.33,2024-01-04 00:00:00
342,Access Logs 342,System,On-Prem Server,2023-06-24,3794356,538.31,2023-05-26 00:00:00
343,Access Logs 343,Operations,External Vendor,2024-09-20,1331206,1419.97,2024-09-02 00:00:00
344,Network Traffic Data 344,User Data,Internal System,2023-08-07,3089848,2496.47,2023-07-13 00:00:00
345,System Performance Metrics 345,Operations,Cloud Service,2023-09-28,4503829,1315.81,2023-09-14 00:00:00
346,Application Usage Stats 346,User Data,On-Prem Server,2023-04-18,2114360,757.56,2023-03-24 00:00:00
347,System Performance Metrics 347,Finance,Cloud Service,2024-02-12,2226533,32.04,2024-01-30 00:00:00
348,Application Usage Stats 348,User Data,Third-Party API,2023-02-25,1312070,1973.95,2023-02-20 00:00:00
349,Application Usage Stats 349,Analytics,External Vendor,2023-04-15,3247805,2169.86,2023-04-13 00:00:00
350,System Performance Metrics 350,Finance,Third-Party API,2024-04-19,539117,888.88,2024-04-15 00:00:00
351,Access Logs 351,Analytics,On-Prem Server,2024-10-03,1407317,2482.55,2024-09-23 00:00:00
352,Application Usage Stats 352,System,On-Prem Server,2023-06-18,1833715,486.26,2023-06-13 00:00:00
353,Transaction Records 353,Security,Third-Party API,2024-07-11,3658125,529.75,2024-07-10 00:00:00
354,Customer Profiles 354,System,Third-Party API,2023-08-20,2280550,2130.31,2023-08-15 00:00:00
355,Network Traffic Data 355,Operations,Cloud Service,2023-11-04,2388455,742.59,2023-10-08 00:00:00
356,Audit Trails 356,Analytics,External Vendor,2023-12-06,565152,362.41,2023-12-01 00:00:00
357,User Activity Logs 357,Operations,Third-Party API,2023-02-14,4110082,2218.55,2023-01-17 00:00:00
358,Error Logs 358,System,On-Prem Server,2023-12-06,497811,1948.82,2023-11-14 00:00:00
359,Error Logs 359,Security,Third-Party API,2023-06-04,4901205,1616.9,2023-05-14 00:00:00
360,User Activity Logs 360,Security,Third-Party API,2024-07-20,4188522,1331.05,2024-07-10 00:00:00
361,Transaction Records 361,System,Internal System,2024-10-09,1140290,616.12,2024-09-24 00:00:00
362,Transaction Records 362,Security,Internal System,2024-03-08,1140954,2495.52,2024-02-16 00:00:00
363,Customer Profiles 363,Security,On-Prem Server,2023-06-09,37598,2249.23,2023-05-17 00:00:00
364,Access Logs 364,Security,External Vendor,2024-11-06,1099154,2059.26,2024-10-09 00:00:00
365,Transaction Records 365,Operations,Internal System,2023-10-22,4276979,2188.11,2023-09-27 00:00:00
366,Network Traffic Data 366,System,Third-Party API,2023-08-04,340415,1661.96,2023-07-25 00:00:00
367,Security Alerts 367,User Data,On-Prem Server,2023-09-26,2308156,600.48,2023-09-05 00:00:00
368,Audit Trails 368,Analytics,On-Prem Server,2024-11-23,240076,1801.28,2024-11-08 00:00:00
369,Error Logs 369,User Data,External Vendor,2023-07-04,2034946,503.21,2023-06-30 00:00:00
370,Error Logs 370,User Data,Internal System,2023-11-15,1968926,700.4,2023-10-27 00:00:00
371,User Activity Logs 371,User Data,Internal System,2024-09-24,145902,1884.65,2024-09-20 00:00:00
372,Application Usage Stats 372,System,On-Prem Server,2023-12-18,2124857,562.56,2023-11-27 00:00:00
373,Error Logs 373,User Data,External Vendor,2024-06-26,2591596,1666.32,2024-06-22 00:00:00
374,System Performance Metrics 374,Security,External Vendor,2024-01-09,738445,1548.3,2023-12-21 00:00:00
375,Audit Trails 375,User Data,External Vendor,2024-03-07,1312541,1812.86,2024-03-04 00:00:00
376,Audit Trails 376,Analytics,Cloud Service,2024-04-13,3299017,1065.65,2024-03-29 00:00:00
377,User Activity Logs 377,Security,On-Prem Server,2024-07-28,4586340,247.71,2024-06-29 00:00:00
378,Access Logs 378,Security,Internal System,2024-03-08,914302,2343.88,2024-02-07 00:00:00
379,Security Alerts 379,Operations,External Vendor,2023-03-15,2554217,1364.96,2023-03-05 00:00:00
380,User Activity Logs 380,Operations,On-Prem Server,2024-08-03,4769612,78.85,2024-07-13 00:00:00
381,Transaction Records 381,User Data,External Vendor,2023-08-12,522496,2376.16,2023-07-28 00:00:00
382,Access Logs 382,Security,Cloud Service,2023-01-11,4373977,327.02,2023-01-03 00:00:00
383,Access Logs 383,Finance,Cloud Service,2024-04-30,2788756,655.61,2024-04-03 00:00:00
384,User Activity Logs 384,System,On-Prem Server,2023-05-30,3502141,60.15,2023-05-04 00:00:00
385,Security Alerts 385,Finance,Cloud Service,2024-10-13,1210437,425.76,2024-09-17 00:00:00
386,User Activity Logs 386,User Data,Internal System,2023-06-17,738756,1496.95,2023-06-14 00:00:00
387,Audit Trails 387,Security,Cloud Service,2024-06-14,2632139,1331.09,2024-05-23 00:00:00
388,Customer Profiles 388,Analytics,On-Prem Server,2023-06-17,3918845,249.72,2023-06-02 00:00:00
389,Access Logs 389,Security,Cloud Service,2024-08-10,4163309,1939.57,2024-08-03 00:00:00
390,User Activity Logs 390,Finance,Third-Party API,2024-01-25,2007537,358.25,2024-01-02 00:00:00
391,Network Traffic Data 391,Finance,Cloud Service,2024-01-04,4387307,77.13,2023-12-24 00:00:00
392,Security Alerts 392,Operations,Cloud Service,2024-03-24,4693625,1490.77,2024-02-27 00:00:00
393,User Activity Logs 393,Finance,Internal System,2023-05-03,4158172,1693.53,2023-04-22 00:00:00
394,Error Logs 394,Operations,Internal System,2023-02-04,1239609,769.63,2023-01-07 00:00:00
395,Security Alerts 395,User Data,Cloud Service,2024-11-28,534734,798.47,2024-11-06 00:00:00
396,Access Logs 396,Security,On-Prem Server,2024-01-04,2428296,475.59,2024-01-03 00:00:00
397,Network Traffic Data 397,System,On-Prem Server,2023-09-18,4424845,2211.29,2023-08-23 00:00:00
398,System Performance Metrics 398,Analytics,On-Prem Server,2023-03-10,2446687,350.51,2023-03-04 00:00:00
399,Security Alerts 399,Operations,External Vendor,2024-07-24,4867296,590.81,2024-06-26 00:00:00
400,Access Logs 400,Analytics,Cloud Service,2023-09-15,1881107,521.02,2023-08-22 00:00:00
401,Application Usage Stats 401,System,External Vendor,2024-11-18,1811461,1242.2,2024-11-02 00:00:00
402,System Performance Metrics 402,Security,Cloud Service,2023-06-03,2056182,190.92,2023-05-19 00:00:00
403,Audit Trails 403,Finance,Internal System,2024-08-18,3195514,252.46,2024-08-02 00:00:00
404,Application Usage Stats 404,User Data,External Vendor,2024-01-12,2215283,919.34,2023-12-29 00:00:00
405,Application Usage Stats 405,System,Third-Party API,2024-07-12,1981711,1271.68,2024-06-24 00:00:00
406,System Performance Metrics 406,User Data,On-Prem Server,2024-04-25,3637159,1890.79,2024-04-01 00:00:00
407,Network Traffic Data 407,Analytics,Internal System,2024-08-20,2625997,957.54,2024-08-05 00:00:00
408,Security Alerts 408,Operations,External Vendor,2023-08-31,798738,582.21,2023-08-04 00:00:00
409,System Performance Metrics 409,Analytics,Internal System,2024-01-11,2102668,321.95,2023-12-17 00:00:00
410,Error Logs 410,Analytics,Internal System,2023-06-08,4140808,1103.59,2023-06-03 00:00:00
411,Security Alerts 411,User Data,External Vendor,2024-10-29,442007,2310.69,2024-10-28 00:00:00
412,Transaction Records 412,Finance,Internal System,2023-12-26,4088395,768.9,2023-12-21 00:00:00
413,Access Logs 413,System,Internal System,2023-01-19,4392915,847.07,2023-01-01 00:00:00
414,Network Traffic Data 414,Security,On-Prem Server,2023-03-08,2745043,1853.78,2023-03-02 00:00:00
415,Access Logs 415,Finance,External Vendor,2024-10-17,3737846,1762.35,2024-10-09 00:00:00
416,User Activity Logs 416,Finance,Internal System,2024-04-26,3054189,1132.57,2024-04-06 00:00:00
417,Audit Trails 417,User Data,Third-Party API,2024-01-04,3229435,234.22,2023-12-10 00:00:00
418,Application Usage Stats 418,System,Cloud Service,2023-02-04,2712333,808.98,2023-01-07 00:00:00
419,Network Traffic Data 419,System,Cloud Service,2024-10-05,2754412,675.75,2024-09-20 00:00:00
420,Network Traffic Data 420,User Data,On-Prem Server,2024-09-10,3701211,2116.89,2024-09-03 00:00:00
421,Network Traffic Data 421,Finance,Third-Party API,2023-11-21,3826968,2272.43,2023-11-04 00:00:00
422,System Performance Metrics 422,User Data,Third-Party API,2023-08-16,3306707,173.75,2023-08-08 00:00:00
423,Network Traffic Data 423,Finance,Internal System,2023-07-26,2052294,2020.84,2023-07-05 00:00:00
424,Network Traffic Data 424,Security,Third-Party API,2023-02-20,296108,105.07,2023-02-08 00:00:00
425,Network Traffic Data 425,Operations,Internal System,2023-03-08,81635,314.28,2023-02-19 00:00:00
426,User Activity Logs 426,Operations,On-Prem Server,2024-09-06,4946886,993.11,2024-08-16 00:00:00
427,Security Alerts 427,Operations,External Vendor,2024-05-24,248320,1070.26,2024-05-07 00:00:00
428,Transaction Records 428,User Data,Internal System,2023-09-03,2314839,1333.34,2023-08-20 00:00:00
429,Customer Profiles 429,Operations,Third-Party API,2023-08-29,2904468,497.77,2023-08-17 00:00:00
430,Access Logs 430,Finance,Internal System,2024-07-31,725721,1351.56,2024-07-05 00:00:00
431,Access Logs 431,Operations,On-Prem Server,2023-07-23,2887707,1437.31,2023-07-10 00:00:00
432,Transaction Records 432,Operations,Cloud Service,2024-06-01,4809855,1565.31,2024-05-17 00:00:00
433,Access Logs 433,Security,Third-Party API,2024-09-09,2765673,1148.02,2024-08-18 00:00:00
434,Application Usage Stats 434,User Data,Third-Party API,2023-04-27,2203206,149.76,2023-04-18 00:00:00
435,Application Usage Stats 435,Analytics,Cloud Service,2024-02-11,4803913,188.2,2024-01-22 00:00:00
436,Network Traffic Data 436,Operations,Cloud Service,2024-03-12,3339930,649.86,2024-02-19 00:00:00
437,Audit Trails 437,System,Cloud Service,2024-05-29,3237153,2207.1,2024-05-12 00:00:00
438,Transaction Records 438,Operations,Internal System,2024-09-27,3744880,1683.85,2024-09-03 00:00:00
439,User Activity Logs 439,Analytics,Third-Party API,2023-11-08,428670,2101.53,2023-10-11 00:00:00
440,Audit Trails 440,Operations,On-Prem Server,2023-10-26,996803,294.97,2023-10-02 00:00:00
441,Customer Profiles 441,User Data,External Vendor,2023-04-29,3597731,2125.99,2023-04-10 00:00:00
442,Application Usage Stats 442,Operations,Cloud Service,2024-07-31,3933503,1717.07,2024-07-11 00:00:00
443,User Activity Logs 443,Finance,On-Prem Server,2024-09-25,1008786,1633.71,2024-09-15 00:00:00
444,Error Logs 444,System,On-Prem Server,2023-11-18,2972977,1369.48,2023-10-26 00:00:00
445,Network Traffic Data 445,System,Third-Party API,2023-04-08,1037899,1989.13,2023-03-28 00:00:00
446,Security Alerts 446,Analytics,On-Prem Server,2024-05-20,879544,643.72,2024-04-24 00:00:00
447,Application Usage Stats 447,Analytics,External Vendor,2024-11-23,2236658,1029.78,2024-11-02 00:00:00
448,Access Logs 448,Operations,Cloud Service,2023-04-25,2982412,150.28,2023-04-10 00:00:00
449,Transaction Records 449,User Data,Third-Party API,2023-04-29,3192955,2492.01,2023-04-20 00:00:00
450,Security Alerts 450,Analytics,Third-Party API,2024-10-06,3130681,20.04,2024-09-25 00:00:00
451,Network Traffic Data 451,Finance,Third-Party API,2023-07-29,3620269,1078.5,2023-07-06 00:00:00
452,Audit Trails 452,Security,Internal System,2024-02-24,3493585,2143.45,2024-02-15 00:00:00
453,Security Alerts 453,System,On-Prem Server,2024-01-20,862608,581.67,2023-12-24 00:00:00
454,Transaction Records 454,Analytics,Cloud Service,2024-11-30,3680286,1934.58,2024-11-16 00:00:00
455,Error Logs 455,System,External Vendor,2024-03-24,3940985,2123.05,2024-03-21 00:00:00
456,Audit Trails 456,Finance,Internal System,2023-03-26,3097613,435.5,2023-02-25 00:00:00
457,Transaction Records 457,Operations,On-Prem Server,2024-09-26,2341489,788.61,2024-09-03 00:00:00
458,Transaction Records 458,Analytics,On-Prem Server,2024-05-06,4758803,1231.51,2024-04-09 00:00:00
459,User Activity Logs 459,User Data,Third-Party API,2023-12-10,1972225,1852.45,2023-12-01 00:00:00
460,Network Traffic Data 460,User Data,Internal System,2024-04-19,719635,1507.18,2024-04-13 00:00:00
461,Audit Trails 461,Security,External Vendor,2023-08-18,256878,724.49,2023-08-01 00:00:00
462,User Activity Logs 462,System,Internal System,2023-10-03,2855429,1655.04,2023-09-23 00:00:00
463,System Performance Metrics 463,User Data,Internal System,2023-08-12,4407655,687.15,2023-07-22 00:00:00
464,Network Traffic Data 464,System,External Vendor,2023-11-29,31049,822.42,2023-11-04 00:00:00
465,User Activity Logs 465,System,Internal System,2023-02-02,4318991,183.14,2023-01-15 00:00:00
466,Transaction Records 466,System,Cloud Service,2023-11-10,4331882,722.31,2023-10-17 00:00:00
467,Transaction Records 467,System,Cloud Service,2023-06-27,1991777,2009.46,2023-06-02 00:00:00
468,Customer Profiles 468,Analytics,External Vendor,2023-01-29,3527254,322.84,2023-01-17 00:00:00
469,Error Logs 469,User Data,Internal System,2023-12-04,2124207,254.98,2023-11-05 00:00:00
470,Transaction Records 470,Analytics,Third-Party API,2023-12-14,1818742,1962.1,2023-11-20 00:00:00
471,User Activity Logs 471,Analytics,Internal System,2024-08-07,2926,1755.86,2024-07-31 00:00:00
472,User Activity Logs 472,User Data,Cloud Service,2024-03-13,3366925,1940.56,2024-03-06 00:00:00
473,Transaction Records 473,Operations,Cloud Service,2024-01-28,3829570,1119.17,2024-01-15 00:00:00
474,Access Logs 474,Operations,Third-Party API,2024-08-06,4917634,2074.66,2024-07-25 00:00:00
475,System Performance Metrics 475,Finance,Cloud Service,2023-09-05,2299196,1448.05,2023-08-11 00:00:00
476,Network Traffic Data 476,User Data,External Vendor,2023-10-22,1261930,977.53,2023-10-12 00:00:00
477,Audit Trails 477,User Data,External Vendor,2024-02-28,104609,2168.25,2024-02-24 00:00:00
478,Application Usage Stats 478,Security,Cloud Service,2024-08-19,142420,1248.54,2024-08-17 00:00:00
479,Security Alerts 479,Operations,Internal System,2023-12-24,1422412,2223.55,2023-11-26 00:00:00
480,Application Usage Stats 480,User Data,Cloud Service,2023-06-03,1825650,1571.65,2023-05-04 00:00:00
481,Security Alerts 481,Security,Cloud Service,2024-07-09,4058868,2239.25,2024-07-07 00:00:00
482,Network Traffic Data 482,User Data,External Vendor,2023-06-15,3218324,680.41,2023-06-10 00:00:00
483,User Activity Logs 483,Operations,Cloud Service,2023-10-28,4961330,1903.22,2023-10-27 00:00:00
484,Application Usage Stats 484,Analytics,Internal System,2024-02-27,1090372,824.23,2024-01-28 00:00:00
485,Audit Trails 485,Analytics,Cloud Service,2023-02-19,3181025,768.92,2023-01-30 00:00:00
486,Audit Trails 486,Finance,Cloud Service,2024-09-08,3524907,882.46,2024-09-07 00:00:00
487,System Performance Metrics 487,System,On-Prem Server,2023-06-11,850475,296.21,2023-05-26 00:00:00
488,Application Usage Stats 488,Finance,Cloud Service,2023-04-07,3522914,998.68,2023-03-13 00:00:00
489,Customer Profiles 489,Analytics,Internal System,2024-05-21,1245464,1183.99,2024-05-08 00:00:00
490,User Activity Logs 490,System,On-Prem Server,2023-02-16,4508069,365.97,2023-01-17 00:00:00
491,System Performance Metrics 491,Analytics,External Vendor,2023-06-11,1773054,555.48,2023-05-20 00:00:00
492,Security Alerts 492,Finance,Cloud Service,2024-02-27,530232,1601.2,2024-02-01 00:00:00
493,Transaction Records 493,Finance,External Vendor,2023-02-11,33471,812.53,2023-01-17 00:00:00
494,Audit Trails 494,Operations,Internal System,2024-09-24,100749,1245.23,2024-08-28 00:00:00
495,Audit Trails 495,User Data,On-Prem Server,2023-06-25,4055825,967.36,2023-06-16 00:00:00
496,Customer Profiles 496,System,Third-Party API,2023-12-01,2492811,1338.91,2023-11-09 00:00:00
497,Application Usage Stats 497,User Data,On-Prem Server,2023-10-02,920874,2134.87,2023-09-26 00:00:00
498,Transaction Records 498,Analytics,Third-Party API,2024-07-11,3729749,588.38,2024-06-11 00:00:00
499,Transaction Records 499,Security,Internal System,2023-01-27,23711,1342.21,2023-01-05 00:00:00
500,Customer Profiles 500,Operations,Third-Party API,2024-08-24,4752367,284.36,2024-08-15 00:00:00
